{
    "url": "https://www.receitadahora.com/bolos/bolo-de-cenoura/",
    "titulo": "Bolo de cenoura - Receita da Hora",
    "descricao": "Saiba como fazer Bolo de cenoura. Uma receita de Bolos simples, fácil e muito gostosa. Acesse o nosso site e aprenda hoje mesmo diversas receitas.",
    "texto": "Bolo de cenoura\n\n\n\n\nCOMPARTILHE\n \n\n\n\n\n\n\n\n\n\n\n\n\n\n\n\n\n\n\nTempo de preparo: \n40 minutos\nServe: \n8 porções\nDificuldade: \nfácil\n\n\n\n\n\n\nVeja como fazer bolo de cenoura\n\n\nCom toda certeza o bolo de cenoura está entre os bolos mais gostosos e favoritos do povo brasileiro. O bolo de cenoura é saboroso e super simples de fazer e claro que fica ainda melhor com uma calda de chocolate. A receita de bolo de cenoura que trouxemos para você é com certeza uma das receitas mais deliciosas que você já viu.\n\n\n\n\n\n\n\n\n\n\n\n\n\n\n\n\n\n\n\n\n\n\n\n\nBolo de cenoura\n\n\n \n\n\n\n\n\n\nINGREDIENTES\n\n\n\n\nMassa: \n4 ovos\n3 cenouras médias raladas\n1/2 xícara de chá de óleo\n2 xícaras de chá de açúcar\n2 e 1/2 xícaras de chá de farinha de trigo\n1 colher de sopa de fermento em pó\nCobertura:\n1 colher de sopa de manteiga\n3 colheres de sopa de chocolate em pó\n1 lata de leite condensado\n1 caixinha de creme de leite\n \n\n\nMODO DE PREPARO\n\n\n\n\nMassa:\nColoque a cenoura picada, os ovos, o óleo e o açúcar e bata.\nColoque a farinha de trigo em uma tigela e adicione a mistura do liquidificador e vá mexendo até incorporar.\nAdicione o fermento e misture com a mão por cerca de 3 minutos.\nColoque em uma forma untada com manteiga e farinha leve ao forno preaquecido por cerca de 40 minutos.\nCobertura:\nColoque o leite condensado, a manteiga e o chocolate em pó em uma panela e mexa até ponto de brigadeiro.\nApós chegar a ponto de brigadeiro, desligue o fogo e adicione o creme de leite.\nColoque em cima do bolo e sirva.\n \n\n\t\t\t\t\t\t\tA calda de chocolate é essencial para o bolo de cenoura, e uma cobertura de chocolate que com certeza fica ainda mais delicioso é a cobertura de chocolate durinha que da uma crocancia para o bolo e aqui no receita da hora temos a receita de calda de chocolate durinha que vai combinar muito com esse bolo de cenoura.\t\t\t\t\n\n\n\n\n\n\n\n\n\n\nVeja Também\n\n\n\n\n\n\n\n\n\n\n\n\n \n\n\n\n\nReceita de amendoim doce simples\n\n\n\n\n\n\n\n\n\n\n\n\n\n\n\n\n \n\n\n\n\nCapuccino gelado em 10 minutos\n\n\n\n\n\n\n\n\n\n\n\n\n\n\n\n\n \n\n\n\n\nCarne de panela com batata com 4 ingredientes\n\n\n\n\n\n\n\n\n\n\n\n\n\n\n\n\n \n\n\n\n\nMassa de biscuit em 6 passos\n\n\n\n\n\n\n\n\n\n\n\n\n\n\n\n\n \n\n\n\n\nCanjica doce tradicional em 6 passos\n\n\n\n\n\n\n\n\n\n\n\n\n\n\n\n\n \n\n\n\n\nMassa de pastel com 6 ingredientes",
    "data": "2019-10-25T12:27:10+00:00",
    "tempo_preparo": "40 minutos",
    "dificuldade": "fácil",
    "ingredientes": "Massa:  4 ovos 3 cenouras médias raladas 1/2 xícara de chá de óleo 2 xícaras de chá de açúcar 2 e 1/2 xícaras de chá de farinha de trigo 1 colher de sopa de fermento em pó Cobertura: 1 colher de sopa de manteiga 3 colheres de sopa de chocolate em pó 1 lata de leite condensado 1 caixinha de creme de leite"
}