{
    "url": "https://www.receitadahora.com/bolos/bolo-de-fuba-com-trigo-fofinho/",
    "titulo": "Bolo de fuba com trigo fofinho - Receita da Hora",
    "descricao": "Saiba como fazer Bolo de fuba com trigo fofinho. Uma receita de Bolos simples, fácil e muito gostosa. Acesse o nosso site e aprenda hoje mesmo diversas receitas.",
    "texto": "Bolo de fuba com trigo fofinho\n\n\n\n\nCOMPARTILHE\n \n\n\n\n\n\n\n\n\n\n\n\n\n\n\n\n\n\n\nTempo de preparo: \nAté 1 hora\nServe: \nAté 10 porções\nDificuldade: \nfácil\n\n\n\n\n\n\nComo fazer bolo de fuba com trigo\n\n\nQue tal fazer um bolo delicioso para tomar aquele café da tarde junto com um amigo? Essa receita de \nbolo de fuba com trigo\n é com certeza a melhor escolha. Esse \nbolo de fuba com trigo\n é com certeza o melhor que você já experimentou. O melhor de tudo é que esse \nbolo de fuba com trigo \né muito simples de ser feito e você pode fazer a qualquer momento. Esse bolo é perfeito para tomar junto com um café coado na hora fica simplesmente delicioso com certeza todos vão amar.\n\n\n\n\n\n\n\n\n\n\n\n\n\n\n\n\n\n\n\n\n\n\n\n\nBolo de fuba com trigo\n\n\n \n\n\n\n\n\n\nINGREDIENTES\n\n\n\n\n1/2 xícara de chá  de óleo\n1 xícara de chá  de farinha de trigo peneirada (sem fermento)\n1 xícara de chá  de fubá peneirado\n1 colher de sopa de fermento em pó para bolo\n1 xícara de chá  de leite morno\n1 e 1/2 xícara de chá de açúcar\n3 ovos inteiros\n \n\n\nMODO DE PREPARO\n\n\n\n\nBata os ovos na batedeira junto com o açúcar, por 1 minutinho ou até formar um creme esbranquiçado.\nContinue batendo e vá adicionando o óleo aos poucos.\nDesligue a batedeira, adicione a farinha de trigo, o fubá e o fermento em pó.\nMisture tudo com uma espatula ou colher, até que fique bem homogêneo.\nAdicione o leite morno e misture novamente.\nDespeje essa mistura numa forma untada e enfarinhada.\nEm seguida leve para assar em forno médio/alto preaquecido, por aproximadamente 40 minutos.\n \n\n\t\t\t\t\t\t\tEsse bolo é simples e rápido perfeito para preparar naquele dia que está aquela correria e o melhor de tudo fica perfeito. Além dessa receita temos deliciosas \nreceitas de torta\n que com certeza vão te deixar com água na boca.\t\t\t\t\n\n\n\n\n\n\n\n\n\n\nVeja Também\n\n\n\n\n\n\n\n\n\n\n\n\n \n\n\n\n\nBolo de churros\n\n\n\n\n\n\n\n\n\n\n\n\n\n\n\n\n \n\n\n\n\nReceita de glacê simples caseiro\n\n\n\n\n\n\n\n\n\n\n\n\n\n\n\n\n \n\n\n\n\nCharque caseiro – Passo a passo\n\n\n\n\n\n\n\n\n\n\n\n\n\n\n\n\n \n\n\n\n\nCafé gelado com chocolate\n\n\n\n\n\n\n\n\n\n\n\n\n\n\n\n\n \n\n\n\n\nTorta de bis em 5 passos\n\n\n\n\n\n\n\n\n\n\n\n\n\n\n\n\n \n\n\n\n\nPizza de liquidificador fácil e delicioso",
    "data": "2020-01-14T17:17:35+00:00",
    "tempo_preparo": "Até 1 hora",
    "dificuldade": "fácil",
    "ingredientes": "1/2 xícara de chá  de óleo 1 xícara de chá  de farinha de trigo peneirada (sem fermento) 1 xícara de chá  de fubá peneirado 1 colher de sopa de fermento em pó para bolo 1 xícara de chá  de leite morno 1 e 1/2 xícara de chá de açúcar 3 ovos inteiros"
}