{
    "url": "https://www.receitadahora.com/bolos/bolo-baeta/",
    "titulo": "O melhor bolo baeta - Receita da Hora",
    "descricao": "Saiba como fazer O melhor bolo baeta. Uma receita de Bolos simples, fácil e muito gostosa. Acesse o nosso site e aprenda hoje mesmo diversas receitas.",
    "texto": "O melhor bolo baeta\n\n\n\n\nCOMPARTILHE\n \n\n\n\n\n\n\n\n\n\n\n\n\n\n\n\n\n\n\nTempo de preparo: \nAté 1 hora\nServe: \nAté 10 porções\nDificuldade: \nmédia\n\n\n\n\n\n\nAprenda a fazer bolo baeta\n\n\nO \nbolo baeta\n é diferente dos bolos que estamos acostumados. Ele não é um bolo fofinho com uma massa mais sequinha. O \nbolo baeta\n é um bolo com a massa mais pesada e mais cremosa tornando ele ainda mais deliciosa. O bolo baeta possui um sabor inigualável e que é impossível não amar. Além disso é uma receita muito simples de ser feita\n\n\n\n\n\n\n\n\n\n\n\n\n\n\n\n\n\n\n\n\n\n\n\n\nO melhor bolo baeta\n\n\nVocê pode praparar esse bolo tanto para um café da tarde quanto para uma sobremesa deliciosa em um almoço de domingo com certeza todos vão amar esse bolo tão delicioso.\n\n\n\n\n\n\n\n\n\n\n\n\n\n\n \n\n\n\n\n\n\nINGREDIENTES\n\n\n\n\n3 ovos\n3 xícaras de açúcar\n2 colheres de sopa de margarina\n3 xícaras de farinha de trigo\n3 xícaras de leite\nSuco de 1 limão\n \n\n\nMODO DE PREPARO\n\n\n\n\nBata tudo no liquidificador.\nLeva ao forno médio, pré-aquecido, por cerca de 40 minutos, ou até dourar.\n \n\n\t\t\t\t\t\t\tEsse bolo baeta é delicioso, não é mesmo? Além dessa receita maravilhosa aqui no receita da hora nós temos outras maravilhosas \nreceitas de bolo\n.\t\t\t\t\n\n\n\n\n\n\n\n\n\n\nVeja Também\n\n\n\n\n\n\n\n\n\n\n\n\n \n\n\n\n\nSopa de mandioca com carne moída cremosa\n\n\n\n\n\n\n\n\n\n\n\n\n\n\n\n\n \n\n\n\n\nDoce com leite condensado de cortar\n\n\n\n\n\n\n\n\n\n\n\n\n\n\n\n\n \n\n\n\n\nDeliciosa massa de pizza facil\n\n\n\n\n\n\n\n\n\n\n\n\n\n\n\n\n \n\n\n\n\nA melhor pasta de alho caseira\n\n\n\n\n\n\n\n\n\n\n\n\n\n\n\n\n \n\n\n\n\nTorta de chocolate\n\n\n\n\n\n\n\n\n\n\n\n\n\n\n\n\n \n\n\n\n\nReceita prática de purê de batata",
    "data": "2019-11-11T02:25:14+00:00",
    "tempo_preparo": "Até 1 hora",
    "dificuldade": "média",
    "ingredientes": "3 ovos 3 xícaras de açúcar 2 colheres de sopa de margarina 3 xícaras de farinha de trigo 3 xícaras de leite Suco de 1 limão"
}