{
    "url": "https://www.receitadahora.com/bolos/bolo-salgado/",
    "titulo": "Bolo salgado de pão de forma em 4 passos - Receita da Hora",
    "descricao": "Saiba como fazer Bolo salgado de pão de forma em 4 passos. Uma receita de Bolos simples, fácil e muito gostosa. Acesse o nosso site e aprenda hoje mesmo diversas receitas.",
    "texto": "Bolo salgado de pão de forma em 4 passos\n\n\n\n\nCOMPARTILHE\n \n\n\n\n\n\n\n\n\n\n\n\n\n\n\n\n\n\n\nTempo de preparo: \nAté 1 hora\nServe: \nAté 10 porções\nDificuldade: \nFácil\n\n\n\n\n\n\nComo fazer bolo salgado\n\n\nO \nbolo salgado\n ainda é novidade para muitas pessoas, mas ao experimentar essa deliciosa \nreceita de bolo\n, você irá se apaixonar pelo sabor!\n\n\n\n\n\n\n\n\n\n\n\n\n\n\n\n\n\n\n\n\n\n\n\n\nComo o Receita Da Hora possui as mais variadas receitas, é claro que \nbolo salgado\n não poderia ficar de fora. Aqui você encontrará tudo para todos os gostos e ainda com as melhores e mais saborosas!\n\n\n\n\n\n\n\n\n\n\n\n\n\n\n\n\nIngredientes – Bolo salgado\n\n\n2 pacotes de pão de forma\n\n\nRecheio\n\n\n2 peitos de frango\n\n1 tomate picado sem semente\n\n1 cebola grande picada\n\n1 dente de alho picado\n\n1 tablete de caldo de galinha\n\nSalsinha\n\nSal\n\nAzeite\n\n1 lata de creme de leite\n\n1 cenoura ralada\n\n1 lata de milho\n\nazeitonas picadas\n\nchampignon picado\n\n1/2 pote de maionese\n\n\nCobertura\n\n\n1/2 pote de maionese\n\nbatata palha\n\n\nModo de preparo – Bolo salgado\n\n\nRecheio\n\n\n1. Cozinhe os peitos de frango com água, sal e o caldo de galinha na panela de pressão por 30 minutos.\n\n2. Escorra a água e desfie todo o frango.\n\n3. Em uma panela, refogue o azeite, a cebola, o alho e o tomate. Acrescente o frango, corrija o sal se necessário, mexa por alguns minutos e desligue o fogo.\n\n4. Coloque o milho, as azeitonas, o champignon, o creme de leite e 1/2 pote de maionese.\n\n\nMontagem\n\n\n1. Retire as cascas dos pães e reserve.\n\n2. Forre com papel-alumínio uma forma ou um refratário e forre a primeira camada de pão de forma. Despeje um pouco de maionese, acrescente metade do recheio e metade da cenoura ralada.\n\n3. Coloque a segunda camada de pão de forma e repita o processo até preencher todo o refratário. Leve à geladeira por 30 minutos.\n\n4. Após o tempo determinado, retire da geladeira e desenforme. Passe a maionese restante em volta do bolo e cubra com a batata palha.\n\n\n\n\n \n\n\n\n\n\n\n\t\t\t\t\t \r\n\n \n\n\n\n\n\n\n\n\n\n\nVeja Também\n\n\n\n\n\n\n\n\n\n\n\n\n \n\n\n\n\nPastel chines crocante\n\n\n\n\n\n\n\n\n\n\n\n\n\n\n\n\n \n\n\n\n\nDeliciosa torta de limão prática\n\n\n\n\n\n\n\n\n\n\n\n\n\n\n\n\n \n\n\n\n\nTradicional bolo de laranja\n\n\n\n\n\n\n\n\n\n\n\n\n\n\n\n\n \n\n\n\n\nDelicioso beijinho de leite ninho prático\n\n\n\n\n\n\n\n\n\n\n\n\n\n\n\n\n \n\n\n\n\nBolo de fubá fofinho\n\n\n\n\n\n\n\n\n\n\n\n\n\n\n\n\n \n\n\n\n\nO melhor chocolate quente com 5 ingredientes",
    "data": "2019-11-12T23:52:43+00:00",
    "tempo_preparo": "Até 1 hora",
    "dificuldade": "Fácil",
    "ingredientes": null
}