{
    "url": "https://www.receitadahora.com/bolos/bolo-salgado-de-frango/",
    "titulo": "Bolo salgado de frango com legumes - Receita da Hora",
    "descricao": "Saiba como fazer Bolo salgado de frango com legumes. Uma receita de Bolos simples, fácil e muito gostosa. Acesse o nosso site e aprenda hoje mesmo diversas receitas.",
    "texto": "Bolo salgado de frango com legumes\n\n\n\n\nCOMPARTILHE\n \n\n\n\n\n\n\n\n\n\n\n\n\n\n\n\n\n\n\nTempo de preparo: \nAté 1 hora\nServe: \nAté 10 porções\nDificuldade: \nFácil\n\n\n\n\n\n\nComo fazer bolo salgado de frango\n\n\nEm suma, confira nossas \nreceitas de bolo\n para a receita tradicional de bolo salgado, escolhendo o recheio de sua preferência. Aqui, você irá preparar um delicioso \nbolo salgado de frango\n com os melhores ingredientes e o melhor sabor!\n\n\n\n\n\n\n\n\n\n\n\n\n\n\n\n\n\n\n\n\n\n\n\n\nAinda novidade, o\n bolo salgado de frango\n veio para inovar seus pratos e lanches, trazendo um desafio para aqueles que querem o experimentar. Seu sabor é simplesmente delicioso e é uma ótima opção para lanches da tarde!\n\n\n\n\n\n\n\n\n\n\n\n\n\n\n\n\nIngredientes – Bolo salgado de frango\n\n\n2 colheres (sopa) de óleo\n\n1 cebola picada\n\n3 xícaras (chá) de peito de frango desfiado (cerca de 330 g)\n\n2 sticks de caldo de legumes\n\n1 colher (sopa) de farinha de trigo\n\n1 colher (sopa) de manjericão picado\n\n2 tomates sem pele e sem sementes, picados\n\n1 xícara (chá) de cenoura em cubos cozida\n\n1 xícara (chá) de ervilhas frescas aferventadas\n\n½ xícara (chá) de farinha de rosca\n\n1 xícara (chá) de queijo minas picado (cerca de 120 g)\n\n2 ovos\n\n1 colher (sopa) de queijo parmesão ralado\n\n\nModo de preparo – Bolo salgado de frango\n\n\n1. Em uma panela, aqueça o óleo e doure a cebola. Acrescente o frango, o caldo de legumes e deixe dourar.\n\n2. Adicione o manjericão, os tomates, meia xícara (chá) de água fervente e cozinhe por cerca de 15 minutos, mexendo sempre.\n\n3. Transfira o conteúdo para um recipiente grande e acrescente a cenoura, as ervilhas, a farinha de rosca, o queijo minas e os ovos.\n\n4. Misture bem e coloque em uma forma de bolo inglês untada com manteiga e polvilhada com farinha de trigo.\n\n5. Leve ao forno médio (180°C), preaquecido, por cerca de 40 minutos ou até ficar firme. Desenforme, polvilhe o queijo parmesão e sirva.\n\n\n\n\n \n\n\n\n\n\n\n\t\t\t\t\t \r\n\n \n\n\n\n\n\n\n\n\n\n\nVeja Também\n\n\n\n\n\n\n\n\n\n\n\n\n \n\n\n\n\nTorta salgada de frango em 40 minutos\n\n\n\n\n\n\n\n\n\n\n\n\n\n\n\n\n \n\n\n\n\nStrogonoff de frango fácil e rápido\n\n\n\n\n\n\n\n\n\n\n\n\n\n\n\n\n \n\n\n\n\nMacarronada de carne moida rápida\n\n\n\n\n\n\n\n\n\n\n\n\n\n\n\n\n \n\n\n\n\nReceita fácil de doce de leite condensado\n\n\n\n\n\n\n\n\n\n\n\n\n\n\n\n\n \n\n\n\n\nArroz de natal\n\n\n\n\n\n\n\n\n\n\n\n\n\n\n\n\n \n\n\n\n\nMarshmallow para bolo",
    "data": "2019-11-13T00:00:19+00:00",
    "tempo_preparo": "Até 1 hora",
    "dificuldade": "Fácil",
    "ingredientes": null
}