{
    "url": "https://www.receitadahora.com/bolos/bolo-massa-branca/",
    "titulo": "Bolo massa branca - Receita da Hora",
    "descricao": "Saiba como fazer Bolo massa branca. Uma receita de Bolos simples, fácil e muito gostosa. Acesse o nosso site e aprenda hoje mesmo diversas receitas.",
    "texto": "Bolo massa branca\n\n\n\n\nCOMPARTILHE\n \n\n\n\n\n\n\n\n\n\n\n\n\n\n\n\n\n\n\nTempo de preparo: \nAté 1 hora\nServe: \nAté 10 porções\nDificuldade: \nfácil\n\n\n\n\n\n\nDescubra como fazer bolo de massa branca\n\n\nQue tal fazer um bolo delicioso para tomar aquele café da tarde junto com um amigo? Essa receita de \nbolo de massa branca \né com certeza a melhor escolha. Esse \nbolo de massa branca\n é com certeza o melhor que você já experimentou. O melhor de tudo é que esse bolo é muito simples de ser feito e você pode fazer a qualquer momento. \n\n\n\n\n\n\n\n\n\n\n\n\n\n\n\n\n\n\n\n\n\n\n\n\nBolo massa brancaEsse bolo é perfeito para tomar junto com um café coado na hora fica simplesmente delicioso. Além disso essa massa é perfeita para fazer bolos mais elaborados com recheios e coberturas de qualquer sabor.\n\n\n\n\n\n\n\n\n\n\n\n\n\n\n\n\n \n\n\n\n\n\n\nINGREDIENTES\n\n\n\n\n3 ovos \n1 xícara de leite\n2 xícara de açúcar\n3 xícara de farinha de trigo\n4 colheres de margarina\n1 colher de fermento\n \n\n\nMODO DE PREPARO\n\n\n\n\nMisture a margarina, o açucar, e as 3 gemas do ovo.\nAcrescente as claras em neve, o leite e a farinha.\nPor último coloque o fermento, unte a forma e coloque o bolo para assar durante 40 minutos em fogo médio.\nRecheio a parte, você que escolha o sabor do recheio porque este bolo é uma delícia e combina com tudo.\n \n\n\t\t\t\t\t\t\tEsse bolo é perfeito para usar com qualquer tipo de recheio e cobertura com certeza ficará delicioso. E além desse bolo aqui no receita da hora temos várias\n receitas de torta\n simplesmente deliciosa.\t\t\t\t\n\n\n\n\n\n\n\n\n\n\nVeja Também\n\n\n\n\n\n\n\n\n\n\n\n\n \n\n\n\n\nMolho verde para lanche cremoso\n\n\n\n\n\n\n\n\n\n\n\n\n\n\n\n\n \n\n\n\n\nCaldo de carne caseiro\n\n\n\n\n\n\n\n\n\n\n\n\n\n\n\n\n \n\n\n\n\nMolho para carne com vinho\n\n\n\n\n\n\n\n\n\n\n\n\n\n\n\n\n \n\n\n\n\nReceita simples de torta de massa podre\n\n\n\n\n\n\n\n\n\n\n\n\n\n\n\n\n \n\n\n\n\nO melhor pudim diet\n\n\n\n\n\n\n\n\n\n\n\n\n\n\n\n\n \n\n\n\n\nComida italiana – Calzone recheado com presunto e queijo",
    "data": "2019-11-26T19:41:34+00:00",
    "tempo_preparo": "Até 1 hora",
    "dificuldade": "fácil",
    "ingredientes": "3 ovos  1 xícara de leite 2 xícara de açúcar 3 xícara de farinha de trigo 4 colheres de margarina 1 colher de fermento"
}