{
    "url": "https://www.receitadahora.com/bolos/bolo-de-coco-gelado/",
    "titulo": "Bolo de coco gelado - Receita da Hora",
    "descricao": "Saiba como fazer Bolo de coco gelado. Uma receita de Bolos simples, fácil e muito gostosa. Acesse o nosso site e aprenda hoje mesmo diversas receitas.",
    "texto": "Bolo de coco gelado\n\n\n\n\nCOMPARTILHE\n \n\n\n\n\n\n\n\n\n\n\n\n\n\n\n\n\n\n\nTempo de preparo: \n60 minutos \nServe: \n20 porções\nDificuldade: \nfácil\n\n\n\n\n\n\nSaiba como fazer bolo de coco gelado\n\n\nO bolo de coco é um dos bolos mais gostosos que existe, principalmente se tratando do bolo de coco gelado. Muitas pessoas que já comeram essa receita maravilhosa acreditam que seja uma receita muito complicada, porém ela é uma receita super simples de fazer e fica simplesmente deliciosa e a receita de bolo de coco é super simples e muito deliciosa.\n\n\n\n\n\n\n\n\n\n\n\n\n\n\n\n\n\n\n\n\n\n\n\n\nBolo de côco gelado\n\n\n \n\n\n\n\n\n\nINGREDIENTES\n\n\n\n\nMassa:\n4 ovos\n1 xicara de chá de leite\n2 xícaras de chá de farinha de trigo\n2 xícaras de chá de açúcar\n2 colheres de sopa de coco ralado\n2 colheres de sopa de margarina ou manteiga\n1 colher de sopa de fermento em pó\nCalda:\n1 lata de leite condensado\n1 xícara de chá de coco ralado\n200ml de leite de coco\npapel alumínio para embrulhar\n \n\n\nMODO DE PREPARO\n\n\n\n\nMassa:\nBata todos os ingredientes menos o fermento na batedeira até ter uma mistura homogênea.\nacrescente o fermento e misture bem. \nAsse o bolo em uma forma untada, em forno médio, preaquecido por 40 minutos.\nCalda:\nMisture todos os ingredientes em uma vasilha e mexa bem sem ir ao fogo.\nMontagem:\nCorte o bolo em quadradinhos e mergulhe ele na mistura \nenrole no papel alumínio e deixe gelar.\n \n\n\nDicas para você:\n\r\n\r\nQuando mais você deixar seu bolo de coco na geladeira mais gostoso ele vai ficar, sempre veja se seu bolo de coco ficou bem molhadinho isso que dará o sabor em seu bolo de coco.\t\t\t\t\n\n\n\n\n\n\n\n\n\n\nVeja Também\n\n\n\n\n\n\n\n\n\n\n\n\n \n\n\n\n\nbrócolis ao vapor muito rápido e pratico\n\n\n\n\n\n\n\n\n\n\n\n\n\n\n\n\n \n\n\n\n\nCouve flor gratinada\n\n\n\n\n\n\n\n\n\n\n\n\n\n\n\n\n \n\n\n\n\nO melhor tempero para galeto\n\n\n\n\n\n\n\n\n\n\n\n\n\n\n\n\n \n\n\n\n\nPão de queijo no liquidificador – Rápido\n\n\n\n\n\n\n\n\n\n\n\n\n\n\n\n\n \n\n\n\n\nMassa leve para panquecas de carne\n\n\n\n\n\n\n\n\n\n\n\n\n\n\n\n\n \n\n\n\n\nMousse de chocolate para recheio de bolo",
    "data": "2019-10-28T22:07:55+00:00",
    "tempo_preparo": "60 minutos",
    "dificuldade": "fácil",
    "ingredientes": "Massa: 4 ovos 1 xicara de chá de leite 2 xícaras de chá de farinha de trigo 2 xícaras de chá de açúcar 2 colheres de sopa de coco ralado 2 colheres de sopa de margarina ou manteiga 1 colher de sopa de fermento em pó Calda: 1 lata de leite condensado 1 xícara de chá de coco ralado 200ml de leite de coco papel alumínio para embrulhar"
}