{
    "url": "https://www.receitadahora.com/bolos/bolo-de-chocolate-low-carb/",
    "titulo": "Bolo de chocolate low carb - Receita da Hora",
    "descricao": "Saiba como fazer Bolo de chocolate low carb. Uma receita de Bolos simples, fácil e muito gostosa. Acesse o nosso site e aprenda hoje mesmo diversas receitas.",
    "texto": "Bolo de chocolate low carb\n\n\n\n\nCOMPARTILHE\n \n\n\n\n\n\n\n\n\n\n\n\n\n\n\n\n\n\n\nTempo de preparo: \n30 minutos \nServe: \n8 porções\nDificuldade: \nfácil\n\n\n\n\n\n\nComo fazer bolo de chocolate low carb\n\n\nQuando resolvemos entrar em uma dieta muitas vezes é difícil isso porque quando resolvemos entrar em uma dieta temos que deixar de comer muitas coisas principalmente carboidrato, como por exemplo bolos, pães, dentre outras coisas que estão normalmente em sua dieta. E uma opção para entrar em uma dieta sem se desfazer das coisas que gostamos de comer é a dieta low carb. A dieta low carb nada mais são do que programas alimentares que restringem o consumo de carboidratos. Se você resolveu entrar nessa dieta mas adora um bolo de chocolate hoje trouxemos uma receita de bolo de chocolate low carb que fica simplesmente delicioso.\n\n\n\n\n\n\n\n\n\n\n\n\n\n\n\n\n\n\n\n\n\n\n\n\nBolo de chocolate low carb\n\n\n \n\n\n\n\n\n\nINGREDIENTES\n\n\n\n\n4 ovos\n5 colheres de sopa de adoçante\n2 colheres de sopa de manteiga\n1 xícara de cacau em pó\n100 g de farinha de coco ou amêndoas\n1 garrafa de 200 ml de leite de coco\n1 colher de sopa de fermento em pó\n \n\n\nMODO DE PREPARO\n\n\n\n\nEm uma batedeira bata todos os ingredientes sem o fermento.\nAdicione o fermento e mexa levemente com uma colher.\nColoque em uma forma untada com manteiga e farinha de coco\nAsse em fogo médio, preaquecido por cerca de 30 minutos.\n \n\n\nDicas para você:\n\r\n\r\nVocê pode fazer uma cobertura low carb para seu bolo de chocolate low carb, basta fazer uma calda com leite de coco, cacau em pó e açúcar mascavo, seu bolo de chocolate low carb ficara ainda mais delicioso.\t\t\t\t\n\n\n\n\n\n\n\n\n\n\nVeja Também\n\n\n\n\n\n\n\n\n\n\n\n\n \n\n\n\n\nTorta de sardinha em 6 passos\n\n\n\n\n\n\n\n\n\n\n\n\n\n\n\n\n \n\n\n\n\nDeliciosa carne moida para pastel\n\n\n\n\n\n\n\n\n\n\n\n\n\n\n\n\n \n\n\n\n\nA melhor receita de pudim assado no forno\n\n\n\n\n\n\n\n\n\n\n\n\n\n\n\n\n \n\n\n\n\nDoce com leite condensado de cortar\n\n\n\n\n\n\n\n\n\n\n\n\n\n\n\n\n \n\n\n\n\nReceita de coxinha simples\n\n\n\n\n\n\n\n\n\n\n\n\n\n\n\n\n \n\n\n\n\nTorta de maçã em 40 minutos",
    "data": "2019-10-28T22:38:58+00:00",
    "tempo_preparo": "30 minutos",
    "dificuldade": "fácil",
    "ingredientes": "4 ovos 5 colheres de sopa de adoçante 2 colheres de sopa de manteiga 1 xícara de cacau em pó 100 g de farinha de coco ou amêndoas 1 garrafa de 200 ml de leite de coco 1 colher de sopa de fermento em pó"
}