{
    "url": "https://www.receitadahora.com/bolos/bolo-de-cenoura-com-maizena/",
    "titulo": "Bolo de cenoura com maizena - Receita da Hora",
    "descricao": "Saiba como fazer Bolo de cenoura com maizena. Uma receita de Bolos simples, fácil e muito gostosa. Acesse o nosso site e aprenda hoje mesmo diversas receitas.",
    "texto": "Bolo de cenoura com maizena\n\n\n\n\nCOMPARTILHE\n \n\n\n\n\n\n\n\n\n\n\n\n\n\n\n\n\n\n\nTempo de preparo: \nAté 1 hora\nServe: \nAté 10 porções\nDificuldade: \nfácil\n\n\n\n\n\n\nAprenda a fazer bolo de cenoura com maizena\n\n\nSe tem um bolo que o brasileiro adora é o bolo de cenoura, não é mesmo? Esse bolo esta presente na maioria das casas brasileiros e é aquele prato que fazemos normalmente para chamar os amigos para tomar um café da tarde. Essa receita de \nbolo de cenoura com maizena\n é simplesmente deliciosa, a maizena faz com que a massa do bolo fique ainda mais fofinha ficando ainda mais gostosa. Esse \nbolo de cenoura com maizena\n fica ainda mais delicioso se for feito com uma \ncalda de chocolate\n maravilhosa.\n\n\n\n\n\n\n\n\n\n\n\n\n\n\n\n\n\n\n\n\n\n\n\n\nBolo de cenoura com maizena\n\n\nEsse é bolo perfeito pra chamar seus amigos para dividir com você, com certeza todos vão adorar e vão quer comer muito mais.\n\n\n\n\n\n\n\n\n\n\n\n\n\n\n \n\n\n\n\n\n\nINGREDIENTES\n\n\n\n\n3 ovos\n1 xícara de chá de açúcar\n1/2 xícara de chá de óleo\n1/2 xícara de chá de Maizena\n1 e 1/2 xícara de chá de farinha de trigo\n2 cenouras médias, cortadas em cubos médios \n1 colher de sopa de fermento em pó\n \n\n\nMODO DE PREPARO\n\n\n\n\nColoque no liquidificador, a cenoura, o óleo e os ovos, bata até ficar bem homogêneo e reserve.\nPeneire a Maizena, a farinha de trigo, o fermento e o açúcar, em uma tigela a parte.\nMisture e em seguida adicione a mistura de cenoura reservada.\nCom a ajuda de uma espatula, mexa virar uma massa uniforme.\nDespeje a massa em uma forma redonda de furo central, untada e enfarinhada.\nLeve para assar em forno médio preaquecido, por cerca de 35 minutos.\n \n\n\t\t\t\t\t\t\tVocê pode fazer uma calda de chocolate para seu bolo de cenoura. Além disso temos muitas outras opções de \nreceitas de bolo\n aqui no receita da hora que você vai amar.\t\t\t\t\n\n\n\n\n\n\n\n\n\n\nVeja Também\n\n\n\n\n\n\n\n\n\n\n\n\n \n\n\n\n\nBolo de banana com canela\n\n\n\n\n\n\n\n\n\n\n\n\n\n\n\n\n \n\n\n\n\nTempero para costelinha de porco\n\n\n\n\n\n\n\n\n\n\n\n\n\n\n\n\n \n\n\n\n\nArroz de forno cremoso\n\n\n\n\n\n\n\n\n\n\n\n\n\n\n\n\n \n\n\n\n\nStrogonoff de frango\n\n\n\n\n\n\n\n\n\n\n\n\n\n\n\n\n \n\n\n\n\nReceita de bolo simples com calda de chocolate\n\n\n\n\n\n\n\n\n\n\n\n\n\n\n\n\n \n\n\n\n\nO melhor bolo de milho cremoso com leite condensado",
    "data": "2019-11-11T01:30:13+00:00",
    "tempo_preparo": "Até 1 hora",
    "dificuldade": "fácil",
    "ingredientes": "3 ovos 1 xícara de chá de açúcar 1/2 xícara de chá de óleo 1/2 xícara de chá de Maizena 1 e 1/2 xícara de chá de farinha de trigo 2 cenouras médias, cortadas em cubos médios  1 colher de sopa de fermento em pó"
}