{
    "url": "https://www.receitadahora.com/bolos/bolo-de-coco-receita-simples-e-pratica/",
    "titulo": "Bolo de coco receita simples e prática - Receita da Hora",
    "descricao": "Saiba como fazer Bolo de coco receita simples e prática. Uma receita de Bolos simples, fácil e muito gostosa. Acesse o nosso site e aprenda hoje mesmo diversas receitas.",
    "texto": "Bolo de coco receita simples e prática\n\n\n\n\nCOMPARTILHE\n \n\n\n\n\n\n\n\n\n\n\n\n\n\n\n\n\n\n\nTempo de preparo: \nAté 1 hora\nServe: \nMais de 10 porções\nDificuldade: \nFácil\n\n\n\n\n\n\nDescubra como fazer bolo de coco receita\n\n\nO coco, além de fornecer água para nós, é uma opção saudável muito usada em sobremesas e doces em geral. Deixando os pratos mais saborosos e refrescantes, é um ingredientes que não pode faltar em sua casa. Em suma, saiba \ncomo fazer bolo de coco receita \nde massa fofinha e leve, ideal para dias quentes!\n\n\n\n\n\n\n\n\n\n\n\n\n\n\n\n\n\n\n\n\n\n\n\n\nReceita de bolo de coco\n\n\n \n\n\n\n\n\n\nINGREDIENTES\n\n\n\n\n1 massa de bolo pronta\n1 vidro de leite de coco\n1 lata de leite condensado\n1 lata de leite\n1 pacote coco ralado (100 g)\n2 cremes de leite\n \n\n\nMODO DE PREPARO\n\n\n\n\n1. Prepare a massa do bolo de acordo com as instruções. Leve ao forno 180°C por aproximadamente 40 minutos. \n2. Retire e faça furos com um garfo, reserve. \n3. Depois bata o leite de coco, o leite condensado e uma lata de leite do recheio no liquidificador e despeje em cima do bolo quente. Deixe o bolo esfriar. \n4. Em outra vasilha, misture o coco ralado e o creme de leite, jogue por cima do bolo e espalhe. Tampe com papel alumínio e leve à geladeira.\n \n\n\n\n\n\n\n\n\n\n\n\n\nVeja Também\n\n\n\n\n\n\n\n\n\n\n\n\n \n\n\n\n\nMoqueca de pintado delicioso\n\n\n\n\n\n\n\n\n\n\n\n\n\n\n\n\n \n\n\n\n\nRosquinha de leite condensado\n\n\n\n\n\n\n\n\n\n\n\n\n\n\n\n\n \n\n\n\n\nReceita de coxinha de batata deliciosa\n\n\n\n\n\n\n\n\n\n\n\n\n\n\n\n\n \n\n\n\n\nSazón caseiro (tempero natural)\n\n\n\n\n\n\n\n\n\n\n\n\n\n\n\n\n \n\n\n\n\nRecheio de leite ninho com chantili\n\n\n\n\n\n\n\n\n\n\n\n\n\n\n\n\n \n\n\n\n\nMaionese caseira simples e prática",
    "data": "2020-01-11T15:01:21+00:00",
    "tempo_preparo": "Até 1 hora",
    "dificuldade": "Fácil",
    "ingredientes": "1 massa de bolo pronta 1 vidro de leite de coco 1 lata de leite condensado 1 lata de leite 1 pacote coco ralado (100 g) 2 cremes de leite"
}