{
    "url": "https://www.receitadahora.com/bolos/bolo-de-milho-com-leite-de-coco/",
    "titulo": "Bolo de milho com leite de coco - Receita da Hora",
    "descricao": "Saiba como fazer Bolo de milho com leite de coco. Uma receita de Bolos simples, fácil e muito gostosa. Acesse o nosso site e aprenda hoje mesmo diversas receitas.",
    "texto": "Bolo de milho com leite de coco\n\n\n\n\nCOMPARTILHE\n \n\n\n\n\n\n\n\n\n\n\n\n\n\n\n\n\n\n\nTempo de preparo: \nAté 1 hora\nServe: \nAté 10 porções\nDificuldade: \nfácil\n\n\n\n\n\n\nDescubra como fazer bolo de milho com leite de coco\n\n\nQue tal fazer um bolo delicioso para tomar aquele café da tarde junto com um amigo? Essa receita de \nbolo de milho com leite de coco \né com certeza a melhor escolha. Esse \nbolo de milho com leite de coco\n é com certeza o melhor que você já experimentou. O melhor de tudo é que esse \nbolo de milho com leite de coco\n é muito simples de ser feito e você pode fazer a qualquer momento. Esse bolo é perfeito para tomar junto com um café coado na hora fica simplesmente maravilhoso, todos vão adorar.\n\n\n\n\n\n\n\n\n\n\n\n\n\n\n\n\n\n\n\n\n\n\n\n\nBolo de milho com leite de coco\n\n\n \n\n\n\n\n\n\nINGREDIENTES\n\n\n\n\n3 ovos\n1 xícara de chá de açúcar\n1 xícara de chá de leite\n1/2 xícara de chá de óleo\n1 vidro de leite de coco \n1 lata de milho verde \n1/2 colher de chá de sal\n1/2 xícara de chá de coco ralado \n1 xícara de chá de milharina\n1/2 colher de chá de sal\n \n\n\nMODO DE PREPARO\n\n\n\n\nColoque o leite no liquidificador junto com os ovos, o óleo, o leite de coco e bata por 1 minuto.\nEm seguida adicione o milho, a milharina, o açúcar, o coco ralado, o fermento o de sal.\nBata novamente por mais 2 minutos.\nDespeje a mistura numa forma untada e enfarinhada.\nLeve para assar em forno médio preaquecido,por cerca de 45 minutos.\n \n\n\t\t\t\t\t\t\tGostou dessa receita? Então vai dar uma olhada nas nossas \nreceitas de bolo!\n Temos uma variedade muito grande de receitas que com certeza vocês vão adorar.\t\t\t\t\n\n\n\n\n\n\n\n\n\n\nVeja Também\n\n\n\n\n\n\n\n\n\n\n\n\n \n\n\n\n\nHambúrguer em apenas 3 passos\n\n\n\n\n\n\n\n\n\n\n\n\n\n\n\n\n \n\n\n\n\nComo fazer pamonha muito simples\n\n\n\n\n\n\n\n\n\n\n\n\n\n\n\n\n \n\n\n\n\nMolho branco em 2 passos – Rápido e delicioso!\n\n\n\n\n\n\n\n\n\n\n\n\n\n\n\n\n \n\n\n\n\nCheesecake receita original\n\n\n\n\n\n\n\n\n\n\n\n\n\n\n\n\n \n\n\n\n\nQuentão de vinho\n\n\n\n\n\n\n\n\n\n\n\n\n\n\n\n\n \n\n\n\n\nDoce de batata doce em 3 passos",
    "data": "2019-11-26T23:58:07+00:00",
    "tempo_preparo": "Até 1 hora",
    "dificuldade": "fácil",
    "ingredientes": "3 ovos 1 xícara de chá de açúcar 1 xícara de chá de leite 1/2 xícara de chá de óleo 1 vidro de leite de coco  1 lata de milho verde  1/2 colher de chá de sal 1/2 xícara de chá de coco ralado  1 xícara de chá de milharina 1/2 colher de chá de sal"
}