{
    "url": "https://www.receitadahora.com/bolos/bolo-de-chocolate-para-diabeticos/",
    "titulo": "Bolo de chocolate para diabéticos - Receita da Hora",
    "descricao": "Saiba como fazer Bolo de chocolate para diabéticos. Uma receita de Bolos simples, fácil e muito gostosa. Acesse o nosso site e aprenda hoje mesmo diversas receitas.",
    "texto": "Bolo de chocolate para diabéticos\n\n\n\n\nCOMPARTILHE\n \n\n\n\n\n\n\n\n\n\n\n\n\n\n\n\n\n\n\nTempo de preparo: \nAté 1 hora\nServe: \nAté 10 porções\nDificuldade: \nmédia\n\n\n\n\n\n\nDescubra como fazer bolo de chocolate para diabéticos\n\n\nBolo de chocolate\n é uma delicia não é mesmo? Porém nem todo mundo pode comer essa receita tão deliciosa, isso porque o bolo de chocolate contem muito açúcar e pessoas com diabete não podem consumir. Se você é uma pessoa que tem diabete, e está com vontade de comer um delicioso\n bolo de chocolate\n, com essa receita você poderá comer . Essa receita de \nbolo de chocolate para diabéticos\n é simplesmente deliciosa e muito simples de fazer, além de que o gosto fica tão gostoso quanto um bolo normal. Esse \nbolo de chocolate para diabéticos\n possui uma taxa de açúcar muito menor do que a receita tradicional o que faz com que uma pessoa diabética consiga comer sem problema algum.\n\n\n\n\n\n\n\n\n\n\n\n\n\n\n\n\n\n\n\n\n\n\n\n\nBolo de chocolate para diabéticos\n\n\n \n\n\n\n\n\n\nINGREDIENTES\n\n\n\n\n4 ovos\n2 colheres de sopa de açúcar para diabéticos\n240ml de óleo de canola ou 3 colheres de sopa de margarina light\n240ml de leite desnatado\n180gr xícara de farinha de trigo integral \n180gr xícara de farinha de trigo\n2 colheres de sopa de cacau em pó sem açúcar\n1 colher de cacau em pó sem açúcar\n1 lata de creme de leite light\n1 colher de sobremesa de açúcar diet\n1 colher de sopa de fermento em pó\n \n\n\nMODO DE PREPARO\n\n\n\n\nMisture primeiro os ingredientes seco em uma vasilha.\nMisture os líquidos e bata no liquidificador.\nColoque a mistura em uma vasilha e vai acrescentando os secos. \nUnte a forma com óleo de coco e despeje a massa homógena. \nAsse em forno médio por cerca de 30 minutos.\n \n\n\t\t\t\t\t\t\tAlém dessa receita de bolo para diabéticos nós temos deliciosas \nreceitas de bolo\n aqui no receita da hora.\t\t\t\t\n\n\n\n\n\n\n\n\n\n\nVeja Também\n\n\n\n\n\n\n\n\n\n\n\n\n \n\n\n\n\nReceita de coxinha simples\n\n\n\n\n\n\n\n\n\n\n\n\n\n\n\n\n \n\n\n\n\nReceita de vinho quente com frutas\n\n\n\n\n\n\n\n\n\n\n\n\n\n\n\n\n \n\n\n\n\nArroz branco soltinho – Sensacional\n\n\n\n\n\n\n\n\n\n\n\n\n\n\n\n\n \n\n\n\n\nDeliciosa receita de cerveja artesanal\n\n\n\n\n\n\n\n\n\n\n\n\n\n\n\n\n \n\n\n\n\nO melhor bolo baeta\n\n\n\n\n\n\n\n\n\n\n\n\n\n\n\n\n \n\n\n\n\nCaipirinha de limão",
    "data": "2019-11-14T16:05:50+00:00",
    "tempo_preparo": "Até 1 hora",
    "dificuldade": "média",
    "ingredientes": "4 ovos 2 colheres de sopa de açúcar para diabéticos 240ml de óleo de canola ou 3 colheres de sopa de margarina light 240ml de leite desnatado 180gr xícara de farinha de trigo integral  180gr xícara de farinha de trigo 2 colheres de sopa de cacau em pó sem açúcar 1 colher de cacau em pó sem açúcar 1 lata de creme de leite light 1 colher de sobremesa de açúcar diet 1 colher de sopa de fermento em pó"
}