{
    "url": "https://www.receitadahora.com/bolos/bolo-de-chocolate-com-recheio-de-morango/",
    "titulo": "Bolo de chocolate com recheio de morango - Receita da Hora",
    "descricao": "Saiba como fazer Bolo de chocolate com recheio de morango. Uma receita de Bolos simples, fácil e muito gostosa. Acesse o nosso site e aprenda hoje mesmo diversas receitas.",
    "texto": "Bolo de chocolate com recheio de morango\n\n\n\n\nCOMPARTILHE\n \n\n\n\n\n\n\n\n\n\n\n\n\n\n\n\n\n\n\nTempo de preparo: \nAté 1 hora\nServe: \nMais de 10 porções\nDificuldade: \nmédia\n\n\n\n\n\n\nAprenda a fazer bolo de chocolate com recheio de morango\n\n\nExiste combinação melhor do que chocolate com morango? Bom, a receita desse \nbolo de chocolate\n \ncom recheio de morango\n é perfeita e simplesmente deliciosa e o melhor é que ela serve como bolo para festas. Essa receita deixa o bolo  bem fofinho e não é tão difícil de fazer, na verdade é super simples. Além disso esse \nbolo de chocolate com recheio de morango\n Não fica enjoativo e você pode decorar ele como quiser, use sua criatividade na hora de fazer a decoração com os morangos. Com certeza todos vão amar essa receita.\n\n\n\n\n\n\n\n\n\n\n\n\n\n\n\n\n\n\n\n\n\n\n\n\nBolo de chocolate com recheio de morango\n\n\n \n\n\n\n\n\n\nINGREDIENTES\n\n\n\n\nMassa: \n5 ovos\n3 colheres de sopa de chocolate em pó\n1/2 xícara de chá de açucar\n1 xícara de chá de farinha de trigo\n1/2 colher de sopa de fermento\nRecheio:\n1 lata de leite condensado\n1 caixa de morangos cortados em cubinhos médios\n1 colher de sopa de margarina\nCobertura: \n1 lata de leite condensado\n1 colher de sopa de margarina\n3 colheres de sopa de chocolate em pó\n1 saquinho de granulado\nMorangos para enfeitar\n \n\n\nMODO DE PREPARO\n\n\n\n\nMassa: \nBata as claras em neve, sem parar de bater acrescente as gemas, o açúcar e bata bem. Desligue a batedeira, misture aos poucos e coloque aos delicadamente a farinha de trigo, o chocolate em pó e o fermento peneirados. Coloque em uma forma redonda média, untada. Leve ao forno alto por aproximadamente 40 minutos ou até assar completamente.\nRecheio:\nDerreta a margarina em uma panela pequena, acrescente o leite condensado e deixe até borbulhar. Retire do forno, acrescente os morangos, mexa e reserve.\nCobertura:\nDerreta a margarina em uma panela pequena, acrescente o leite condensado, o chocolate em pó e deixe em fogo médio, mexendo sempre até desgrudar da panela. Retire do forno e reserve.\nMontagem:\nDivida a massa do bolo em duas partes, recheie com o creme e cubra com a outra parte do bolo. Passe a cobertura, e em seguida jogue granulado e enfeite com morangos.\n \n\n\t\t\t\t\t\t\tAlém dessa deliciosa receita de bolo de chocolate com recheio de morango para uma sobremesa ainda temos maravilhosas \nreceitas de torta\n doce que serão uma ótima sobremesa.\t\t\t\t\n\n\n\n\n\n\n\n\n\n\nVeja Também\n\n\n\n\n\n\n\n\n\n\n\n\n \n\n\n\n\nO melhor brigadeiro branco\n\n\n\n\n\n\n\n\n\n\n\n\n\n\n\n\n \n\n\n\n\nO melhor pave de fim de ano\n\n\n\n\n\n\n\n\n\n\n\n\n\n\n\n\n \n\n\n\n\nBolo de fuba com trigo fofinho\n\n\n\n\n\n\n\n\n\n\n\n\n\n\n\n\n \n\n\n\n\nReceita de peru de natal\n\n\n\n\n\n\n\n\n\n\n\n\n\n\n\n\n \n\n\n\n\nMousse de doce de leite para recheio de bolo\n\n\n\n\n\n\n\n\n\n\n\n\n\n\n\n\n \n\n\n\n\nMassa para pizza em 5 passos",
    "data": "2019-11-14T16:21:41+00:00",
    "tempo_preparo": "Até 1 hora",
    "dificuldade": "média",
    "ingredientes": "Massa:  5 ovos 3 colheres de sopa de chocolate em pó 1/2 xícara de chá de açucar 1 xícara de chá de farinha de trigo 1/2 colher de sopa de fermento Recheio: 1 lata de leite condensado 1 caixa de morangos cortados em cubinhos médios 1 colher de sopa de margarina Cobertura:  1 lata de leite condensado 1 colher de sopa de margarina 3 colheres de sopa de chocolate em pó 1 saquinho de granulado Morangos para enfeitar"
}