{
    "url": "https://www.receitadahora.com/bolos/bolo-com-leite-de-coco-cremoso-e-facil/",
    "titulo": "Bolo com leite de coco cremoso e fácil - Receita da Hora",
    "descricao": "Saiba como fazer Bolo com leite de coco cremoso e fácil. Uma receita de Bolos simples, fácil e muito gostosa. Acesse o nosso site e aprenda hoje mesmo diversas receitas.",
    "texto": "Bolo com leite de coco cremoso e fácil\n\n\n\n\nCOMPARTILHE\n \n\n\n\n\n\n\n\n\n\n\n\n\n\n\n\n\n\n\nTempo de preparo: \nAté 1 hora\nServe: \nAté 10 porções\nDificuldade: \nFácil\n\n\n\n\n\n\nAprenda a fazer bolo com leite de coco\n\n\nO bolo é uma das sobremesas mais adoradas, sendo por isso, o protagonista em diversas ocasiões como festas e eventos dos mais variados. Entretanto, com tantos sabores para escolher, fica difícil ter um preferido. Isso irá mudar, pois essa receita simples com leite de coco deixará sua massa ainda mais cremosa e deliciosa! Saiba \ncomo fazer bolo com leite de coco \ne aproveite!\n\n\n\n\n\n\n\n\n\n\n\n\n\n\n\n\n\n\n\n\n\n\n\n\nReceita de bolo com leite de coco\n\n\n \n\n\n\n\n\n\nINGREDIENTES\n\n\n\n\nMassa:\n200 ml de leite\n2 copos de farinha de trigo\n2 copos de açúcar\n5 ovos inteiros\n2 colheres (sopa) de margarina\n1 colher (sopa) de fermento\nCobertura:\n1 lata de leite condensado\n1 vidro de leite de coco pequeno\nCoco ralado para polvilhar\n \n\n\nMODO DE PREPARO\n\n\n\n\n1. Bata no liquidificador todos os ingredientes da massa começando pelos líquidos. Ponha em uma forma untada e enfarinhada.\n2. Leve ao forno médio por 40 minutos.\n3. Bata no liquidificador o leite condensado e o leite de coco. Faça furos no bolo e despeje no bolo ainda quente.\n4. Polvilhe com coco ralado e leve à geladeira.\n \n\n\n\n\n\n\n\n\n\n\n\n\nVeja Também\n\n\n\n\n\n\n\n\n\n\n\n\n \n\n\n\n\nBolo de cenoura super fofinho\n\n\n\n\n\n\n\n\n\n\n\n\n\n\n\n\n \n\n\n\n\nBatata palha caseira\n\n\n\n\n\n\n\n\n\n\n\n\n\n\n\n\n \n\n\n\n\nBatata frita sequinha com 1 ingrediente especial\n\n\n\n\n\n\n\n\n\n\n\n\n\n\n\n\n \n\n\n\n\nBolo cocada muito gostoso\n\n\n\n\n\n\n\n\n\n\n\n\n\n\n\n\n \n\n\n\n\nBolinho de chuva sem fermento\n\n\n\n\n\n\n\n\n\n\n\n\n\n\n\n\n \n\n\n\n\nCaldo de macaxeira super cremoso",
    "data": "2020-02-11T01:33:08+00:00",
    "tempo_preparo": "Até 1 hora",
    "dificuldade": "Fácil",
    "ingredientes": "Massa: 200 ml de leite 2 copos de farinha de trigo 2 copos de açúcar 5 ovos inteiros 2 colheres (sopa) de margarina 1 colher (sopa) de fermento Cobertura: 1 lata de leite condensado 1 vidro de leite de coco pequeno Coco ralado para polvilhar"
}