{
    "url": "https://www.receitadahora.com/bolos/bolo-de-aniversario-simples/",
    "titulo": "Bolo de aniversário simples - Receita da Hora",
    "descricao": "Saiba como fazer Bolo de aniversário simples. Uma receita de Bolos simples, fácil e muito gostosa. Acesse o nosso site e aprenda hoje mesmo diversas receitas.",
    "texto": "Bolo de aniversário simples\n\n\n\n\nCOMPARTILHE\n \n\n\n\n\n\n\n\n\n\n\n\n\n\n\n\n\n\n\nTempo de preparo: \n90 minutos \nServe: \n15 porções\nDificuldade: \nmédia\n\n\n\n\n\n\nComo fazer bolo de aniversário simples\n\n\nHoje em dia um aniversário não é um aniversário sem um bolo para comemorar, hoje em dia e a muito tempo que essa tradição é seguida e hoje isso é algo muito comum, mas como que essa tradição surgiu? Bom, se você adora bolos de aniversário, então agradeça à deusa Ártemis pelo aparecimento do bolo de aniversário. O bolo de aniversário que conhecemos hoje em dia  é a evolução de um preparado de mel e pão, no formato de uma lua, que fiéis levavam ao famoso templo em homenagem a ela em Éfeso, e com o tempo ele foi evoluindo e se tornou o que conhecemos hoje em dia.\n\n\n\n\n\n\n\n\n\n\n\n\n\n\n\n\n\n\n\n\n\n\n\n\nBom, existe vários sabores de bolo de aniversário, mas existe a receita mais tradicional que é aquela que normalmente encontramos em mercado de massa branca que muitas pessoas são apaixonadas. Essa receita de bolo de aniversário é muito simples de ser feita e hoje trouxemos essa receita de bolo de aniversário que é simplesmente deliciosa.\n\n\n\n\n\n\n\n\n\n\n\n\n\n\n\n\n \n\n\n\n\n\n\nINGREDIENTES\n\n\n\n\nMassa:\n4 ovos\n1 copo de leite\n2 e1/2 copo de farinha de trigo\n3 colheres de sopa de margarina\n4 colheres de café de fermente em pó\ngotas de baunilha\nRecheio de leite ninho:\n1 lata de leite condensado\n1 lata de creme de leite\n250 gramas de manteiga sem sal\n10 colheres de leite ninho\nCobertura: \nchantili\n \n\n\nMODO DE PREPARO\n\n\n\n\nMassa:\nBata as claras em neve com açúcar e reserve.\nAdicione o resto dos ingredientes menos o fermento em uma batedeira e bata bem.\nAdicione o fermento e misture levemente, depois adicione a clara em neve mexendo levemente até incorporar a massa.\nAsse em forno médio, preaquecido por cerca de 40 minutos.\nRecheio: \nAdicione o creme de leite e manteiga em uma batedeira e bata.\nDepois adicione o leite condensado, bata e por ultimo o leite ninho e bata novamente.\nMontagem:\nQuando bolo esfriar desenforme e corte ao meio.\nMolhe a massa com leite e açúcar, coloque o recheio e feche.\nEnfeite com chantili em cima da forma que preferir.\n \n\n\nDicas para você:\n\r\n\r\nVocê pode variar o recheio, a cobertura e o modo de decorar isso vai do seu gosto.\t\t\t\t\n\n\n\n\n\n\n\n\n\n\nVeja Também\n\n\n\n\n\n\n\n\n\n\n\n\n \n\n\n\n\nCoxinha com massa de mandioca\n\n\n\n\n\n\n\n\n\n\n\n\n\n\n\n\n \n\n\n\n\nMacarrão ao forno super fácil\n\n\n\n\n\n\n\n\n\n\n\n\n\n\n\n\n \n\n\n\n\nComida fitness – Frango a parmegiana\n\n\n\n\n\n\n\n\n\n\n\n\n\n\n\n\n \n\n\n\n\nLasanha deliciosa para ceia de Natal\n\n\n\n\n\n\n\n\n\n\n\n\n\n\n\n\n \n\n\n\n\nO melhor bolo de cenoura fofinho e delicioso\n\n\n\n\n\n\n\n\n\n\n\n\n\n\n\n\n \n\n\n\n\nFilé de peixe assado delicioso",
    "data": "2019-10-29T14:57:58+00:00",
    "tempo_preparo": "90 minutos",
    "dificuldade": "média",
    "ingredientes": "Massa: 4 ovos 1 copo de leite 2 e1/2 copo de farinha de trigo 3 colheres de sopa de margarina 4 colheres de café de fermente em pó gotas de baunilha Recheio de leite ninho: 1 lata de leite condensado 1 lata de creme de leite 250 gramas de manteiga sem sal 10 colheres de leite ninho Cobertura:  chantili"
}