{
    "url": "https://www.receitadahora.com/bolos/bolo-de-churros/",
    "titulo": "Bolo de churros - Receita da Hora",
    "descricao": "Saiba como fazer Bolo de churros. Uma receita de Bolos simples, fácil e muito gostosa. Acesse o nosso site e aprenda hoje mesmo diversas receitas.",
    "texto": "Bolo de churros\n\n\n\n\nCOMPARTILHE\n \n\n\n\n\n\n\n\n\n\n\n\n\n\n\n\n\n\n\nTempo de preparo: \n60 minutos\nServe: \n8 porções\nDificuldade: \nmédia\n\n\n\n\n\n\nVeja como fazer bolo de churros\n\n\nMuitas pessoas adoram churros, o churros é de origem ibérica, e é muito popular nos países latino-americanos. Este doce é preparado com massa à base de farinha de trigo e água, em formato cilíndrico e frito em óleo vegetal, porém uma variação do churros é bolo de churros, é um bolo super fofinho e com o gosto delicioso do churros, e a receita que trouxemos de bolo de churros é simplesmente deliciosa.\n\n\n\n\n\n\n\n\n\n\n\n\n\n\n\n\n\n\n\n\n\n\n\n\nBolo de churros\n\n\n \n\n\n\n\n\n\nINGREDIENTES\n\n\n\n\nMassa:\n3 ovos\n1 xícara de açúcar\n3 colheres de margarina\n2 xícaras de farinha de trigo \n1/2 xícara de leite\n1/2 colher de canela em pó\n1 colher de sopa de fermento em pó\nCobertura:\nDoce de leite\ncanela em pó\naçúcar\n \n\n\nMODO DE PREPARO\n\n\n\n\nMassa:\nBata as claras em neve e reserve.\nBata as gemas com a margarina e o açúcar em um recipiente, depois acrescente a farinha de trigo e o leite e bata.\nAdicione a canela e o fermento e mexa até misturar.\nAdicione a clara em neve mexendo aos poucos.\nAsse em fogo médio, preaquecido em uma forma untada por cerca de 30 minutos.\nCobertura:\nColoque o doce de leite do jeito que preferir e polvilhe canela e açúcar por cima.\n \n\n\nDicas para você:\n\r\n\r\nO bolo de churros tradicionalmente é recheado com doce de leite, porém você pode variar e rechear com brigadeiro, doce de leite ninho ou outro recheio de sua preferência, seu bolo de churros ficara ainda assim delicioso.\t\t\t\t\n\n\n\n\n\n\n\n\n\n\nVeja Também\n\n\n\n\n\n\n\n\n\n\n\n\n \n\n\n\n\nRecheio de leite condensado com coco\n\n\n\n\n\n\n\n\n\n\n\n\n\n\n\n\n \n\n\n\n\nReceita de molho branco com creme de leite fácil\n\n\n\n\n\n\n\n\n\n\n\n\n\n\n\n\n \n\n\n\n\nBolo floresta negra\n\n\n\n\n\n\n\n\n\n\n\n\n\n\n\n\n \n\n\n\n\nTorta de frango cremosa em 40 minutos\n\n\n\n\n\n\n\n\n\n\n\n\n\n\n\n\n \n\n\n\n\nCachorro quente de forno\n\n\n\n\n\n\n\n\n\n\n\n\n\n\n\n\n \n\n\n\n\nO melhor creme de chocolate para bolo",
    "data": "2019-10-28T17:31:23+00:00",
    "tempo_preparo": "60 minutos",
    "dificuldade": "média",
    "ingredientes": "Massa: 3 ovos 1 xícara de açúcar 3 colheres de margarina 2 xícaras de farinha de trigo  1/2 xícara de leite 1/2 colher de canela em pó 1 colher de sopa de fermento em pó Cobertura: Doce de leite canela em pó açúcar"
}