{
    "url": "https://www.receitadahora.com/bolos/bolo-de-fuba-simples-e-delicioso/",
    "titulo": "Bolo de fubá simples e delicioso - Receita da Hora",
    "descricao": "Saiba como fazer Bolo de fubá simples e delicioso. Uma receita de Bolos simples, fácil e muito gostosa. Acesse o nosso site e aprenda hoje mesmo diversas receitas.",
    "texto": "Bolo de fubá simples e delicioso\n\n\n\n\nCOMPARTILHE\n \n\n\n\n\n\n\n\n\n\n\n\n\n\n\n\n\n\n\nTempo de preparo: \nRapidinho\nServe: \nMais de 10 porções\nDificuldade: \nFácil\n\n\n\n\n\n\nSaiba como preparar bola de fubá\n\n\nTa querendo um bolo para tomar junto com um café forte em uma tarde? Esse bolo simples e tradicional de fubá que nossa avó fazia é simplesmente perfeito! Além de combinar muito bem com qualquer bebida, é uma receita simples e prática que pode ser feita por todos! Sem segredos e com ingredientes básicos, aposte nessa massa fofinha e fresquinha. Em suma, aprenda \ncomo fazer bolo de fubá\n!\n\n\n\n\n\n\n\n\n\n\n\n\n\n\n\n\n\n\n\n\n\n\n\n\nReceita de bolo de fubá\n\n\n \n\n\n\n\n\n\nINGREDIENTES\n\n\n\n\n2 copos de fubá\n1 copo de farinha de trigo\n1 copo de óleo de milho\n2 copos de leite\n1 1/2 copos de açúcar\n3 ovos\n1 colher (sopa) de fermento químico em pó\n \n\n\nMODO DE PREPARO\n\n\n\n\n1. Bater tudo no liquidificador. Por último acrescentar a colher de sopa de fermento.\n2. Untar uma assadeira grande com buraco no meio. Polvilhar com farinha de trigo.\n3. Colocar em forno pré-aquecido. Manter o fogo médio.\n4. Este bolo de fubá assa em mais ou menos 20 minutos.\n \n\n\n\n\n\n\n\n\n\n\n\n\nVeja Também\n\n\n\n\n\n\n\n\n\n\n\n\n \n\n\n\n\nTorta de abobrinha em 4 passos\n\n\n\n\n\n\n\n\n\n\n\n\n\n\n\n\n \n\n\n\n\nComida fitness – Frango a parmegiana\n\n\n\n\n\n\n\n\n\n\n\n\n\n\n\n\n \n\n\n\n\nReceita de massa de coxinha prática e crocante\n\n\n\n\n\n\n\n\n\n\n\n\n\n\n\n\n \n\n\n\n\nGeladinho de paçoca delicioso\n\n\n\n\n\n\n\n\n\n\n\n\n\n\n\n\n \n\n\n\n\nTempero para costelinha de porco\n\n\n\n\n\n\n\n\n\n\n\n\n\n\n\n\n \n\n\n\n\nRocambole de carne moida com presunto e queijo",
    "data": "2020-01-15T00:02:02+00:00",
    "tempo_preparo": "Rapidinho",
    "dificuldade": "Fácil",
    "ingredientes": "2 copos de fubá 1 copo de farinha de trigo 1 copo de óleo de milho 2 copos de leite 1 1/2 copos de açúcar 3 ovos 1 colher (sopa) de fermento químico em pó"
}