{
    "url": "https://www.receitadahora.com/bolos/bolo-de-iogurte-fofinho/",
    "titulo": "Bolo de iogurte fofinho - Receita da Hora",
    "descricao": "Saiba como fazer Bolo de iogurte fofinho. Uma receita de Bolos simples, fácil e muito gostosa. Acesse o nosso site e aprenda hoje mesmo diversas receitas.",
    "texto": "Bolo de iogurte fofinho\n\n\n\n\nCOMPARTILHE\n \n\n\n\n\n\n\n\n\n\n\n\n\n\n\n\n\n\n\nTempo de preparo: \nAté 1 hora\nServe: \nAté 10 porções\nDificuldade: \nfácil\n\n\n\n\n\n\nAprenda a fazer bolo de iogurte\n\n\nQue tal fazer um bolo delicioso para tomar aquele café da tarde junto com um amigo? Essa receita de \nbolo de iogurte\n é com certeza a melhor escolha. Esse \nbolo de iogurte\n é com certeza o melhor que você já experimentou. O melhor de tudo é que esse \nbolo de \niogurte\n é muito simples de ser feito e você pode fazer a qualquer momento. Esse bolo é perfeito para tomar junto com um café coado na hora fica simplesmente delicioso, todos vão amar.\n\n\n\n\n\n\n\n\n\n\n\n\n\n\n\n\n\n\n\n\n\n\n\n\nBolo de iogurte fofinho\n\n\n \n\n\n\n\n\n\nINGREDIENTES\n\n\n\n\n1/2 copo de óleo\n1 copo de iogurte natural\n1 colher de sopa de fermento em pó\n1 pitada de sal\n2 copos de farinha de trigo\n2 copos de açúcar\n4 ovos\n \n\n\nMODO DE PREPARO\n\n\n\n\nBater tudo no liquidificador.\nUntar uma forma grande de buraco no meio, assar por 40 a 45 minutos, depende do forno.\nDepois de assado, ainda quente, passar margarina e polvilhar açúcar refinado com canela ou coco ralado.\n \n\n\t\t\t\t\t\t\tEsse prato é simples e rápido perfeito para preparar naquele dia que está aquela correria e o melhor de tudo fica perfeito. Além dessa receita temos deliciosas \nreceitas de torta\n que com certeza vão te deixar com água na boca.\t\t\t\t\n\n\n\n\n\n\n\n\n\n\nVeja Também\n\n\n\n\n\n\n\n\n\n\n\n\n \n\n\n\n\nReceita de recheio de prestígio para bolos\n\n\n\n\n\n\n\n\n\n\n\n\n\n\n\n\n \n\n\n\n\nLentilha com bacon e calabresa – A melhor que você irá experimentar!\n\n\n\n\n\n\n\n\n\n\n\n\n\n\n\n\n \n\n\n\n\nPeru de natal muito gostoso\n\n\n\n\n\n\n\n\n\n\n\n\n\n\n\n\n \n\n\n\n\nSalada de repolho com maionese\n\n\n\n\n\n\n\n\n\n\n\n\n\n\n\n\n \n\n\n\n\nMassa de pastel caseiro\n\n\n\n\n\n\n\n\n\n\n\n\n\n\n\n\n \n\n\n\n\nSobremesa de Natal simples e rápida",
    "data": "2019-12-10T02:06:24+00:00",
    "tempo_preparo": "Até 1 hora",
    "dificuldade": "fácil",
    "ingredientes": "1/2 copo de óleo 1 copo de iogurte natural 1 colher de sopa de fermento em pó 1 pitada de sal 2 copos de farinha de trigo 2 copos de açúcar 4 ovos"
}