{
    "url": "https://www.receitadahora.com/bolos/bolo-mesclado-de-liquidificador/",
    "titulo": "Bolo mesclado de liquidificador - Receita da Hora",
    "descricao": "Saiba como fazer Bolo mesclado de liquidificador. Uma receita de Bolos simples, fácil e muito gostosa. Acesse o nosso site e aprenda hoje mesmo diversas receitas.",
    "texto": "Bolo mesclado de liquidificador\n\n\n\n\nCOMPARTILHE\n \n\n\n\n\n\n\n\n\n\n\n\n\n\n\n\n\n\n\nTempo de preparo: \nAté 1 hora\nServe: \nMais de 10 porções\nDificuldade: \nmédia\n\n\n\n\n\n\nDescubra como fazer bolo mesclado de liquidificador\n\n\nO bolo mesclado é um bolo que normalmente vemos em super mercado e com certeza você já imaginou como aquele bolo de duas cores são feitos. Apesar de não parecer eles são muito simples de ser feito e você vai descobrir com essa receita de \nbolo mesclado de liquidificador\n que trouxemos para vocês. Essa receita é deliciosa e esse \nbolo mesclado de liquidificador\n é muito simples de ser feito você não vai acreditar.\n\n\n\n\n\n\n\n\n\n\n\n\n\n\n\n\n\n\n\n\n\n\n\n\nBolo mesclado de liquidificador\n\n\nAlém de ser fácil essa receita fica deliciosa e super fofinha. Você com certeza vai querer fazer essa receita muitas outras vezes.\n\n\n\n\n\n\n\n\n\n\n\n\n\n\n \n\n\n\n\n\n\nINGREDIENTES\n\n\n\n\n4 ovos\n3 colheres de Nescau\n1 xícara de leite\n2 colheres cheia de margarina\n2 xícara de trigo\n1 xícara de açúcar\n1 colher de fermento em pó\n \n\n\nMODO DE PREPARO\n\n\n\n\nBata no liquidificador primeiro os ovos, açúcar, margarina e o leite por 2 minutos.\nColoque aos poucos a farinha de trigo no liquidificador.\nEm seguida despeje tudo em uma tigela e verifique se a massa está no ponto.\nSe já estiver, acrescente o fermento em pó.\nSepare 1/2 xícara da massa e coloque o nescau.\nMexa tudo até a massa ficar homogênea.\nColoque em uma forma untada e enfarinhada primeiro a massa branca e logo em seguida a de chocolate em fios pequenos sobre a massa branca.\nLeve para assar em fogo médio, preaquecido por 40 minutos.\n \n\n\t\t\t\t\t\t\tAlém desse maravilhoso bolo mesclado super delicioso e simples de fazer nós do receita da hora temos deliciosas \nreceitas de bolo\n que são as melhores que você já viu.\t\t\t\t\n\n\n\n\n\n\n\n\n\n\nVeja Também\n\n\n\n\n\n\n\n\n\n\n\n\n \n\n\n\n\nArroz doce com amendoim\n\n\n\n\n\n\n\n\n\n\n\n\n\n\n\n\n \n\n\n\n\nBrigadeiro de doce de leite\n\n\n\n\n\n\n\n\n\n\n\n\n\n\n\n\n \n\n\n\n\nA melhor receita de biscoito amanteigado com goiabada\n\n\n\n\n\n\n\n\n\n\n\n\n\n\n\n\n \n\n\n\n\nPanqueca de minuto – Rápida e deliciosa\n\n\n\n\n\n\n\n\n\n\n\n\n\n\n\n\n \n\n\n\n\nTorta de morango deliciosa\n\n\n\n\n\n\n\n\n\n\n\n\n\n\n\n\n \n\n\n\n\nBolo de fubá com coco de liquidificador delicioso",
    "data": "2019-11-11T02:33:41+00:00",
    "tempo_preparo": "Até 1 hora",
    "dificuldade": "média",
    "ingredientes": "4 ovos 3 colheres de Nescau 1 xícara de leite 2 colheres cheia de margarina 2 xícara de trigo 1 xícara de açúcar 1 colher de fermento em pó"
}