{
    "url": "https://www.receitadahora.com/bolos/bolo-de-chocolate-de-caneca/",
    "titulo": "Bolo de chocolate de caneca - Receita da Hora",
    "descricao": "Saiba como fazer Bolo de chocolate de caneca. Uma receita de Bolos simples, fácil e muito gostosa. Acesse o nosso site e aprenda hoje mesmo diversas receitas.",
    "texto": "Bolo de chocolate de caneca\n\n\n\n\nCOMPARTILHE\n \n\n\n\n\n\n\n\n\n\n\n\n\n\n\n\n\n\n\nTempo de preparo: \n5 minutos\nServe: \n1 porção\nDificuldade: \nfácil\n\n\n\n\n\n\nComo fazer bolo de chocolate de caneca\n\n\nQue tal um bolo de chocolate delicioso em apenas 3 minutos? Esse bolo de caneca é uma ótima opção para você que está com pressa e com vontade de comer um doce. Ele é delicioso e muito simples de fazer, qualquer um pode fazer. E essa receita de bolo de caneca com certeza é a melhor que você vai experimentar.\n\n\n\n\n\n\n\n\n\n\n\n\n\n\n\n\n\n\n\n\n\n\n\n\nBolo de chocolate de caneca\n\n\n \n\n\n\n\n\n\nINGREDIENTES\n\n\n\n\n1 ovo\n4 colheres de sopa de leite\n2 colheres de sopa  rasas de chocolate em pó\n3 colheres de sopa de óleo\n4 colheres de sopa rasas de açúcar\n3 colheres de sopa rasas de farinha de trigo\n1 colher de café de fermento em pó\n \n\n\nMODO DE PREPARO\n\n\n\n\nColoque todos ingredientes em uma xícara e mexa bem até ficar homogêneo.\nLeve ao microondas por 3 minutos.\nAdicione calda se preferir.\n \n\n\t\t\t\t\t\t\tSegundo pesquisas o bolo de chocolate existe há mais de três séculos e de lá para cá ganhou inúmeras variações. Porém independente de suas variações o bolo de chocolate ainda é um dos sabores de bolos preferidos e todo mundo adora o bolo de chocolate. Porém como sabemos um bolo demora em média cerca de 40 minutos para ficar pronto. E por isso a opção de bolo de caneca facilitou e muito a vida de todos, pois em apenas 3 minutos temos um bolo prontinho. Essa receita equivale a uma porção e você pode recheá-lo com o recheio de sua preferência ou até comer ele assim mesmo que ficará uma delicia.\t\t\t\t\n\n\n\n\n\n\n\n\n\n\nVeja Também\n\n\n\n\n\n\n\n\n\n\n\n\n \n\n\n\n\nPastel frito crocante\n\n\n\n\n\n\n\n\n\n\n\n\n\n\n\n\n \n\n\n\n\nMolho branco simples para macarrão\n\n\n\n\n\n\n\n\n\n\n\n\n\n\n\n\n \n\n\n\n\nO melhor pudim de leite\n\n\n\n\n\n\n\n\n\n\n\n\n\n\n\n\n \n\n\n\n\nLentilha com bacon e calabresa – A melhor que você irá experimentar!\n\n\n\n\n\n\n\n\n\n\n\n\n\n\n\n\n \n\n\n\n\nBolo de iogurte de kefir delicioso\n\n\n\n\n\n\n\n\n\n\n\n\n\n\n\n\n \n\n\n\n\nMingau de chocolate rápido e delicioso",
    "data": "2019-10-30T18:20:39+00:00",
    "tempo_preparo": "5 minutos",
    "dificuldade": "fácil",
    "ingredientes": "1 ovo 4 colheres de sopa de leite 2 colheres de sopa  rasas de chocolate em pó 3 colheres de sopa de óleo 4 colheres de sopa rasas de açúcar 3 colheres de sopa rasas de farinha de trigo 1 colher de café de fermento em pó"
}