{
    "url": "https://www.receitadahora.com/bolos/bolo-de-mandioca/",
    "titulo": "Bolo de mandioca - Receita da Hora",
    "descricao": "Saiba como fazer Bolo de mandioca. Uma receita de Bolos simples, fácil e muito gostosa. Acesse o nosso site e aprenda hoje mesmo diversas receitas.",
    "texto": "Bolo de mandioca\n\n\n\n\nCOMPARTILHE\n \n\n\n\n\n\n\n\n\n\n\n\n\n\n\n\n\n\n\nTempo de preparo: \n50 minutos\nServe: \n15 porções\nDificuldade: \nmédio\n\n\n\n\n\n\nComo fazer bolo de mandioca\n\n\nO bolo de mandioca pode ser conhecido por outros nomes em outras regiões do Brasil, isso porque a mandioca possui outros nomes como aipim e macaxeira dependendo da região que você está. O bolo de mandioca é um bolo muito típico de se ver em festas juninas, mas o bolo de mandioca também é um ótimo lanchinho para o café da tarde. Trouxemos para vocês uma receita maravilhosa de bolo de mandioca que vai ganhar seu coração.\n\n\n\n\n\n\n\n\n\n\n\n\n\n\n\n\n\n\n\n\n\n\n\n\nBolo de mandioca\n\n\n \n\n\n\n\n\n\nINGREDIENTES\n\n\n\n\n3 xícaras de chá de mandioca ralada\n1 e 1/2 xícara de chá de açúcar\n3 colheres de sopa de manteiga\n1 e 1/2 xícara chá de farinha de trigo\n50 g de coco ralado\n50 g de queijo ralado\n1 colher de sopa de fermento em pó\n4 ovos\n \n\n\nMODO DE PREPARO\n\n\n\n\nMisture todos os ingredientes em um liquidificador menos o queijo e o coco ralado.\nApós bater adicione o coco e o queijo ralado e mexa com a colher.\nColoque a massa em uma forma untada, coloque no forno preaquecido e deixe por 40 minutos.\n \n\n\t\t\t\t\t\t\tUma dica para escolher uma mandioca fresca para seu bolo de mandioca é ficar atento a sua casca, ela deve estar completamente uniforme e sem machas. Assim você terá o bolo de mandioca perfeito e delicioso.\t\t\t\t\n\n\n\n\n\n\n\n\n\n\nVeja Também\n\n\n\n\n\n\n\n\n\n\n\n\n \n\n\n\n\nBolinho de mandioca\n\n\n\n\n\n\n\n\n\n\n\n\n\n\n\n\n \n\n\n\n\nBolo de chocolate gelado\n\n\n\n\n\n\n\n\n\n\n\n\n\n\n\n\n \n\n\n\n\nBolinho de chuva com banana – Sencacional\n\n\n\n\n\n\n\n\n\n\n\n\n\n\n\n\n \n\n\n\n\nBolinho de leite ninho fácil no microondas\n\n\n\n\n\n\n\n\n\n\n\n\n\n\n\n\n \n\n\n\n\nReceita de bacalhau fácil\n\n\n\n\n\n\n\n\n\n\n\n\n\n\n\n\n \n\n\n\n\nMassa de torta salgada em 5 passos",
    "data": "2019-10-24T18:12:59+00:00",
    "tempo_preparo": "50 minutos",
    "dificuldade": "médio",
    "ingredientes": "3 xícaras de chá de mandioca ralada 1 e 1/2 xícara de chá de açúcar 3 colheres de sopa de manteiga 1 e 1/2 xícara chá de farinha de trigo 50 g de coco ralado 50 g de queijo ralado 1 colher de sopa de fermento em pó 4 ovos"
}