{
    "url": "https://www.receitadahora.com/bolos/bolo-de-banana-com-canela/",
    "titulo": "Bolo de banana com canela - Receita da Hora",
    "descricao": "Saiba como fazer Bolo de banana com canela. Uma receita de Bolos simples, fácil e muito gostosa. Acesse o nosso site e aprenda hoje mesmo diversas receitas.",
    "texto": "Bolo de banana com canela\n\n\n\n\nCOMPARTILHE\n \n\n\n\n\n\n\n\n\n\n\n\n\n\n\n\n\n\n\nTempo de preparo: \nAté 1 hora\nServe: \nAté 10 porções\nDificuldade: \nmédia\n\n\n\n\n\n\nAprenda a fazer bolo de banana com canela\n\n\nQue tal fazer um bolo delicioso para tomar aquele café da tarde junto com um amigo? Essa receita de \nbolo de banana\n é com certeza a melhor escolha. Esse \nbolo de banana \né com certeza o melhor que você já experimentou. O melhor de tudo é que esse \nbolo de banana\n é muito simples de ser feito e você pode fazer a qualquer momento.\n\n\n\n\n\n\n\n\n\n\n\n\n\n\n\n\n\n\n\n\n\n\n\n\nBolo de banana com canela\n\n\nEsse bolo é perfeito para tomar junto com um café coado na hora fica simplesmente perfeito. Além disso você pode comer esse \nbolo de banana\n com ou sem cobertura, e ele fica delicioso, com certeza todos vão amar.\n\n\n\n\n\n\n\n\n\n\n\n\n\n\n \n\n\n\n\n\n\nINGREDIENTES\n\n\n\n\n2 ovos\n1/2 xícara de óleo\n2 xícaras de chá de açúcar\n2 xícaras de chá de farinha de trigo\n1/2 colher de sopa de canela em pó\n2 xícaras de chá de açúcar\n2 bananas nanicas\n \n\n\nMODO DE PREPARO\n\n\n\n\nNa batedeira bata primeiro o óleo, os ovos e o açúcar. Bater até formar uma massa lisa.\nDepois acrescente as bananas aos poucos, em pedaços, em seguida a farinha de trigo e a canela, bata bem.\nA massa ficará bem consistente.\nPor último acrescente o fermento em pó misturando delicadamente.\nAssar por 30 minutos em forma redonda untada com manteiga a 220ºC.\n \n\n\t\t\t\t\t\t\tGostou dessa receita? Então vai dar uma olhada nas nossas \nreceitas de bolo\n! Temos uma variedade muito grande de receitas que com certeza vocês vão adorar.\t\t\t\t\n\n\n\n\n\n\n\n\n\n\nVeja Também\n\n\n\n\n\n\n\n\n\n\n\n\n \n\n\n\n\nMolho de salsicha\n\n\n\n\n\n\n\n\n\n\n\n\n\n\n\n\n \n\n\n\n\nGeladinho de manga delicioso\n\n\n\n\n\n\n\n\n\n\n\n\n\n\n\n\n \n\n\n\n\nBolo de fubá simples e delicioso\n\n\n\n\n\n\n\n\n\n\n\n\n\n\n\n\n \n\n\n\n\nArroz doce com amendoim\n\n\n\n\n\n\n\n\n\n\n\n\n\n\n\n\n \n\n\n\n\nReceita de biscoito de natal\n\n\n\n\n\n\n\n\n\n\n\n\n\n\n\n\n \n\n\n\n\nComo dessalgar carne seca de forma rápida",
    "data": "2019-11-25T16:04:43+00:00",
    "tempo_preparo": "Até 1 hora",
    "dificuldade": "média",
    "ingredientes": "2 ovos 1/2 xícara de óleo 2 xícaras de chá de açúcar 2 xícaras de chá de farinha de trigo 1/2 colher de sopa de canela em pó 2 xícaras de chá de açúcar 2 bananas nanicas"
}