{
    "url": "https://www.receitadahora.com/bolos/bolo-de-laranja-fofinho/",
    "titulo": "Bolo de laranja fofinho - Receita da Hora",
    "descricao": "Saiba como fazer Bolo de laranja fofinho. Uma receita de Bolos simples, fácil e muito gostosa. Acesse o nosso site e aprenda hoje mesmo diversas receitas.",
    "texto": "Bolo de laranja fofinho\n\n\n\n\nCOMPARTILHE\n \n\n\n\n\n\n\n\n\n\n\n\n\n\n\n\n\n\n\nTempo de preparo: \nAté 1 hora\nServe: \nAté 10 porções\nDificuldade: \nfácil\n\n\n\n\n\n\nDescubra como fazer bolo de laranja fofinho\n\n\nQue tal fazer um bolo delicioso para tomar aquele café da tarde junto com um amigo? Essa receita de \nbolo de laranja fofinho\n é com certeza a melhor escolha. Esse \nbolo de laranja fofinho\n é com certeza o melhor que você já experimentou. O melhor de tudo é que esse \nbolo de laranja fofinho\n é muito simples de ser feito e você pode fazer a qualquer momento. Esse bolo é perfeito para tomar junto com um café coado na hora fica simplesmente perfeito. Além disso você pode comer esse bolo de limão com ou sem cobertura, e ele fica delicioso com qualquer tipo de cobertura ou recheio ele ficará maravilhoso.\n\n\n\n\n\n\n\n\n\n\n\n\n\n\n\n\n\n\n\n\n\n\n\n\nBolo de laranja fofinho\n\n\n \n\n\n\n\n\n\nINGREDIENTES\n\n\n\n\n1 xícara de açúcar bem cheia\n1 xícara de chá de óleo\n1 colher de sopa de fermento bem cheia\n2 xícaras de farinha de trigo bem cheias\n4 ovos grandes\nraspas de laranja\nsuco de 2 laranjas\n \n\n\nMODO DE PREPARO\n\n\n\n\nBata no liquidificador os ovos, o suco de laranja e o óleo.\nEm seguida adicione o trigo e o açúcar e misture bem até obter uma mistura homogênea.\nAdicione por último o fermento, mexa por mais alguns minutos e disponha a massa em uma forma com furo central untada e enfarinhada.\nAsse em forno médio, preaquecido, por 40 minutos e está pronto.\n \n\n\t\t\t\t\t\t\tGostou dessa receita? Então vai dar uma olhada nas nossas \nreceitas de bolo\n! Temos uma variedade muito grande de receitas que com certeza vocês vão adorar.\t\t\t\t\n\n\n\n\n\n\n\n\n\n\nVeja Também\n\n\n\n\n\n\n\n\n\n\n\n\n \n\n\n\n\nTorta de liquidificador de frango em 60 minutos\n\n\n\n\n\n\n\n\n\n\n\n\n\n\n\n\n \n\n\n\n\nTempero para peixe assado\n\n\n\n\n\n\n\n\n\n\n\n\n\n\n\n\n \n\n\n\n\nReceita de sonho de padaria\n\n\n\n\n\n\n\n\n\n\n\n\n\n\n\n\n \n\n\n\n\nO mais gostoso Xcake\n\n\n\n\n\n\n\n\n\n\n\n\n\n\n\n\n \n\n\n\n\nGelatina com vodka simples e rápido\n\n\n\n\n\n\n\n\n\n\n\n\n\n\n\n\n \n\n\n\n\nMassa de batata para salgados",
    "data": "2019-11-27T21:04:09+00:00",
    "tempo_preparo": "Até 1 hora",
    "dificuldade": "fácil",
    "ingredientes": "1 xícara de açúcar bem cheia 1 xícara de chá de óleo 1 colher de sopa de fermento bem cheia 2 xícaras de farinha de trigo bem cheias 4 ovos grandes raspas de laranja suco de 2 laranjas"
}