{
    "url": "https://www.receitadahora.com/bolos/bolo-de-carne/",
    "titulo": "Bolo de carne em 4 passos - Receita da Hora",
    "descricao": "Saiba como fazer Bolo de carne em 4 passos. Uma receita de Bolos simples, fácil e muito gostosa. Acesse o nosso site e aprenda hoje mesmo diversas receitas.",
    "texto": "Bolo de carne em 4 passos\n\n\n\n\nCOMPARTILHE\n \n\n\n\n\n\n\n\n\n\n\n\n\n\n\n\n\n\n\nTempo de preparo: \nAté 1 hora\nServe: \nAté 10 porções\nDificuldade: \nFácil\n\n\n\n\n\n\nAprenda como fazer bolo de carne\n\n\nAs \nreceitas de bolos\n salgados ainda são uma novidade para uma grande parte da população, mas sua composição é deliciosa e merece ser mais conhecida!\n\n\n\n\n\n\n\n\n\n\n\n\n\n\n\n\n\n\n\n\n\n\n\n\nSaiba como fazer um\n bolo de carne\n para surpreender suas visitas e inovar seus paladares.\n\n\n\n\n\n\n\n\n\n\n\n\n\n\n\n\nIngredientes – Bolo de carne \n\n\n500g de carne bovina, de preferência, patinho, moído\n\n1 cebola média picada\n\n1 pão francês amanhecido\n\n3 colheres de sopa de leite\n\n100g de toucinho (bacon) picado\n\n2 colheres de sopa de orégano\n\n2 colheres de sopa de tomilho\n\nSal e pimenta a gosto\n\n\nModo de preparo\n\n\n\n\n1. Em uma tigela funda, pique o pão com as mãos e molhe-o com o leite.\n\n2. Se ficar ainda muito seco, coloque um pouco mais de leite, deixando o pão úmido, porém, sem deixá-lo virar papa.\n\n3. Acrescente a carne moída, o toucinho, o orégano e o tomilho, e, com as mãos, misture tudo, formando uma massa homogênea. Acenda o forno.\n\n4. Passe a massa do bolo de carne para uma assadeira antiaderente, molde no formato desejado e leve ao forno médio, por cerca de quarenta minutos. Sirva quente, com arroz e uma saladinha.\n\n\n\n\n \n\n\n\n\n\n\n\t\t\t\t\t \r\n\n\n\n \n\n\n\n\n\n\n\n\n\n\nVeja Também\n\n\n\n\n\n\n\n\n\n\n\n\n \n\n\n\n\nChantininho com emulsificante cremoso\n\n\n\n\n\n\n\n\n\n\n\n\n\n\n\n\n \n\n\n\n\nBolinho de chuva sem fermento\n\n\n\n\n\n\n\n\n\n\n\n\n\n\n\n\n \n\n\n\n\nBolo de batata doce com coco\n\n\n\n\n\n\n\n\n\n\n\n\n\n\n\n\n \n\n\n\n\nDeliciosa torta de limão prática\n\n\n\n\n\n\n\n\n\n\n\n\n\n\n\n\n \n\n\n\n\nBatata doce assada em 5 passos\n\n\n\n\n\n\n\n\n\n\n\n\n\n\n\n\n \n\n\n\n\nReceita simples de torresmo crocante e delicioso",
    "data": "2019-11-16T01:53:56+00:00",
    "tempo_preparo": "Até 1 hora",
    "dificuldade": "Fácil",
    "ingredientes": null
}