{
    "url": "https://www.receitadahora.com/bolos/bolo-de-chocolate-rapido-e-facil/",
    "titulo": "Bolo de chocolate rápido e fácil - Receita da Hora",
    "descricao": "Saiba como fazer Bolo de chocolate rápido e fácil. Uma receita de Bolos simples, fácil e muito gostosa. Acesse o nosso site e aprenda hoje mesmo diversas receitas.",
    "texto": "Bolo de chocolate rápido e fácil\n\n\n\n\nCOMPARTILHE\n \n\n\n\n\n\n\n\n\n\n\n\n\n\n\n\n\n\n\nTempo de preparo: \n55 minutos\nServe: \n15 porções\nDificuldade: \nfácil\n\n\n\n\n\n\nDescubra como fazer bolo de chocolate rápido\n\n\nO bolo de chocolate é um dos bolos preferidos principalmente se tratando das crianças, porém além de ser delicioso você sabia que no século XVI o chocolate era considerado um remédio para febre e estômago, e até o século XVII ele era tomado apenas com bebida, a ideia de misturar o cacau aos bolos surgiu apenas em 1674 e foi um sucesso e continua sendo até hoje.\n\n\n\n\n\n\n\n\n\n\n\n\n\n\n\n\n\n\n\n\n\n\n\n\nBolo de chocolate rápido e fácil\n\n\n \n\n\n\n\n\n\nINGREDIENTES\n\n\n\n\n4 ovos\n4 colheres de sopa de achocolatado\n2 colheres de sopa de manteiga ou margarina\n3 xícaras de chá de farinha de trigo\n1 e 1/2 xícaras de chá de açúcar \n2 colheres de chá de fermento\n1 xícara de chá de leite\n \n\n\nMODO DE PREPARO\n\n\n\n\nBata as claras em neve e reserve\nBata as gemas, a margarina e o açúcar até ficar homogêneo\nApós isso acrescente o leite, a farinha e o achocolatado e misture bem.\nAcrescente as claras aos poucos.\nColoque em uma forma untada com manteiga e farinha leve ao forno preaquecido por cerca de 35 minutos.\n \n\n\t\t\t\t\t\t\tUma super dica para seu bolo de chocolate ficar super fofinho e bater ele bem antes de acrescentar farinha de trigo, e após acrescentar a farinha bata ele sem parar por 5 minutos. Outra super dica que fará seu bolo ficar super fofinho é bater as claras em neve e assim que a massa estive pronta acrescentar a clara em neve aos poucos mexendo com o fuet levemente apenas para misturar.\t\t\t\t\n\n\n\n\n\n\n\n\n\n\nVeja Também\n\n\n\n\n\n\n\n\n\n\n\n\n \n\n\n\n\nPão de queijo com creme de leite\n\n\n\n\n\n\n\n\n\n\n\n\n\n\n\n\n \n\n\n\n\nEscondidinho de carne moída com batata\n\n\n\n\n\n\n\n\n\n\n\n\n\n\n\n\n \n\n\n\n\nSorvete de liquidificador fácil e rápido\n\n\n\n\n\n\n\n\n\n\n\n\n\n\n\n\n \n\n\n\n\nCozido de carne com batata\n\n\n\n\n\n\n\n\n\n\n\n\n\n\n\n\n \n\n\n\n\nBolinho de arroz\n\n\n\n\n\n\n\n\n\n\n\n\n\n\n\n\n \n\n\n\n\nMacarronada de carne moida rápida",
    "data": "2019-10-24T15:52:16+00:00",
    "tempo_preparo": "55 minutos",
    "dificuldade": "fácil",
    "ingredientes": "4 ovos 4 colheres de sopa de achocolatado 2 colheres de sopa de manteiga ou margarina 3 xícaras de chá de farinha de trigo 1 e 1/2 xícaras de chá de açúcar  2 colheres de chá de fermento 1 xícara de chá de leite"
}