{
    "url": "https://www.receitadahora.com/bolos/bolo-de-fuba-da-vovo/",
    "titulo": "Bolo de fubá da vovó - Receita da Hora",
    "descricao": "Saiba como fazer Bolo de fubá da vovó. Uma receita de Bolos simples, fácil e muito gostosa. Acesse o nosso site e aprenda hoje mesmo diversas receitas.",
    "texto": "Bolo de fubá da vovó\n\n\n\n\nCOMPARTILHE\n \n\n\n\n\n\n\n\n\n\n\n\n\n\n\n\n\n\n\nTempo de preparo: \nAté 1 hora\nServe: \nAté 6 porções\nDificuldade: \nFácil\n\n\n\n\n\n\nReceita bolo de fubá\n\n\nO \nbolo de fubá\n é uma receita que sempre nos lembra nossos familiares. Aquela massa fofinha, leve e bem suculenta, acompanhada de um café quentinho para deixar ainda melhor. Com essa receita de \nbolo de fubá,\n você poderá criar novas memórias tão gostosas quanto, de uma forma fácil! E suma, saiba como fazer \nbolo de fubá\n e surpreenda-se!\n\n\n\n\n\n\n\n\n\n\n\n\n\n\n\n\n\n\n\n\n\n\n\n\nReceita de bolo de fubá\n\n\n \n\n\n\n\n\n\nINGREDIENTES\n\n\n\n\n3 ovos\n2 xícaras (chá) de açúcar\n2 xícaras (chá) de fubá\n3 colheres (sopa) rasas de farinha de trigo\n1/2 copo (americano) de óleo\n1 copo de leite\n1 colher (sopa) de fermento em pó\n \n\n\nMODO DE PREPARO\n\n\n\n\n1. Bata todos os ingredientes no liquidificador. Coloque em uma forma untada e enfarinhada.\n2. Leve ao forno aquecido e deixe assar por 40 minutos.\n \n\n\n\n\n\n\n\n\n\n\n\n\nVeja Também\n\n\n\n\n\n\n\n\n\n\n\n\n \n\n\n\n\nReceita de panqueca salgada\n\n\n\n\n\n\n\n\n\n\n\n\n\n\n\n\n \n\n\n\n\nBaião de dois nordestino delicioso\n\n\n\n\n\n\n\n\n\n\n\n\n\n\n\n\n \n\n\n\n\nCaldo de mandioquinha\n\n\n\n\n\n\n\n\n\n\n\n\n\n\n\n\n \n\n\n\n\nPicolé caseiro fácil e delicioso\n\n\n\n\n\n\n\n\n\n\n\n\n\n\n\n\n \n\n\n\n\nEscondidinho de mandioca com carne seca\n\n\n\n\n\n\n\n\n\n\n\n\n\n\n\n\n \n\n\n\n\nA melhor massa de calzone",
    "data": "2021-06-09T14:20:15+00:00",
    "tempo_preparo": "Até 1 hora",
    "dificuldade": "Fácil",
    "ingredientes": "3 ovos 2 xícaras (chá) de açúcar 2 xícaras (chá) de fubá 3 colheres (sopa) rasas de farinha de trigo 1/2 copo (americano) de óleo 1 copo de leite 1 colher (sopa) de fermento em pó"
}