{
    "url": "https://www.receitadahora.com/bolos/bolo-de-carne-moida/",
    "titulo": "Bolo de carne moida em 6 passos - Receita da Hora",
    "descricao": "Saiba como fazer Bolo de carne moida em 6 passos. Uma receita de Bolos simples, fácil e muito gostosa. Acesse o nosso site e aprenda hoje mesmo diversas receitas.",
    "texto": "Bolo de carne moida em 6 passos\n\n\n\n\nCOMPARTILHE\n \n\n\n\n\n\n\n\n\n\n\n\n\n\n\n\n\n\n\nTempo de preparo: \nAté 1 hora\nServe: \nAté 10 porções\nDificuldade: \nFácil\n\n\n\n\n\n\nComo fazer bolo de carne moida\n\n\nAqui você encontrará as melhores\n receitas de bolos\n salgados já feitos e com ingredientes práticos. Prepare já está delícia de \nbolo de carne moida\n e aproveite o que essa nova culinária tem a oferecer.\n\n\n\n\n\n\n\n\n\n\n\n\n\n\n\n\n\n\n\n\n\n\n\n\n\n\n\n\n\n\n\n\n\n\n\n\n\n\nIngredientes – Bolo de carne moida\n\n\n600 g de carne moída\n\n1 cebola média bem picada\n\n½ colher (sopa) de sal\n\n1 ovo\n\n3 colheres (sopa) de cheiro-verde picado\n\n4 colheres (sopa) de farinha de aveia\n\n\nRecheio\n\n\n1 linguiça\n\ncalabresa defumada fatiada\n\n2 tomates em rodelas finas\n\n1 xícara (chá) de queijo mussarela ralado grosso\n\n1 colher (chá) de orégano seco\n\n\nMolho\n\n1 colher (sopa) de azeite\n\n1 cebola média em tiras finas\n\n5 tomates maduros sem pele nem sementes, picados\n\nSal, pimenta e salsa a gosto\n\n\nCobertura\n\n1 colher (sopa) de azeite para untar\n\n1 colher (sopa) de farinha de rosca\n\n\nModo de preparo – Bolo de carne moida\n\n\n1. Em uma tigela, misture a carne com a cebola, o sal, o ovo, o cheiro-verde e a aveia e divida em 2 partes.\n\n2. Forre uma assadeira, untada, com uma parte da massa, recheie com a linguiça, o tomate, a mussarela e polvilhe o orégano.\n\n3. Cubra com a massa restante, pincele com o azeite e salpique a farinha de rosca. Leve ao forno, preaquecido a 200 ºC, por 45 minutos ou até assar.\n\n4. Leve ao fogo o azeite com a cebola. Quando ficar transparente, junte o tomate, água, sal e pimenta a gosto.\n\n5. Deixe cozinhar em fogo brando por 5 minutos ou até formar um molho grosso. Retire o bolo do forno e aguarde 5 minutos antes de desenformar. Sirva coberto com o molho e polvilhado com a salsa.\n\n\n\n\n \n\n\n\n\n\n\n\t\t\t\t\t \r\n\n \n\n\n\n\n\n\n\n\n\n\nVeja Também\n\n\n\n\n\n\n\n\n\n\n\n\n \n\n\n\n\nOmelete receita de forno\n\n\n\n\n\n\n\n\n\n\n\n\n\n\n\n\n \n\n\n\n\nA melhor sopa de mandioca\n\n\n\n\n\n\n\n\n\n\n\n\n\n\n\n\n \n\n\n\n\nCarne ao molho madeira\n\n\n\n\n\n\n\n\n\n\n\n\n\n\n\n\n \n\n\n\n\nMousse de chocolate super fácil\n\n\n\n\n\n\n\n\n\n\n\n\n\n\n\n\n \n\n\n\n\nReceita de massa de pizza deliciosa\n\n\n\n\n\n\n\n\n\n\n\n\n\n\n\n\n \n\n\n\n\nBolinho de chuva muito simples",
    "data": "2019-11-16T01:01:16+00:00",
    "tempo_preparo": "Até 1 hora",
    "dificuldade": "Fácil",
    "ingredientes": null
}