{
    "url": "https://www.receitadahora.com/bolos/bolo-de-leite-quente-fofinho/",
    "titulo": "Bolo de leite quente fofinho - Receita da Hora",
    "descricao": "Saiba como fazer Bolo de leite quente fofinho. Uma receita de Bolos simples, fácil e muito gostosa. Acesse o nosso site e aprenda hoje mesmo diversas receitas.",
    "texto": "Bolo de leite quente fofinho\n\n\n\n\nCOMPARTILHE\n \n\n\n\n\n\n\n\n\n\n\n\n\n\n\n\n\n\n\nTempo de preparo: \nAté 1 hora\nServe: \nAté 10 porções\nDificuldade: \nfácil\n\n\n\n\n\n\nComo preparar bolo de leite quente\n\n\nQue tal fazer um bolo delicioso para tomar aquele café da tarde junto com um amigo? Essa receita de \nbolo de leite quente\n é com certeza a melhor escolha. Esse \nbolo de leite quente\n é com certeza o melhor que você já experimentou. O melhor de tudo é que esse \nbolo de leite quente\n é muito simples de ser feito e você pode fazer a qualquer momento. Esse bolo é perfeito para tomar junto com um café coado na hora fica simplesmente delicioso. Além disso você pode comer esse \nbolo de leite quente\n com ou sem cobertura, e ele fica delicioso com qualquer tipo de cobertura ou recheio ele ficará maravilhoso.\n\n\n\n\n\n\n\n\n\n\n\n\n\n\n\n\n\n\n\n\n\n\n\n\nBolo de leite quente\n\n\n \n\n\n\n\n\n\nINGREDIENTES\n\n\n\n\n1 colher de sopa de fermento em pó\n1 xícara de leite fervendo\n1 colherinha de manteiga\n2 xícaras de farinha de trigo\n2 xícaras de açúcar\n4 ovos\n \n\n\nMODO DE PREPARO\n\n\n\n\nBata as claras em neve, bem duras.\nMisture as gemas e torne a bater.\nJunte o açúcar e bata mais um pouco.\nDepois misture o trigo e o fermento.\nColoque o leite e a manteiga a ferver.\nDespeje sobre a massa.\nMisture tudo e leve ao forno.\n \n\n\t\t\t\t\t\t\tEsse prato é simples e rápido perfeito para preparar naquele dia que está aquela correria e o melhor de tudo fica perfeito. Além dessa receita temos deliciosas \nreceitas de torta\n que com certeza vão te deixar com água na boca.\t\t\t\t\n\n\n\n\n\n\n\n\n\n\nVeja Também\n\n\n\n\n\n\n\n\n\n\n\n\n \n\n\n\n\nReceita de bolo simples com calda de chocolate\n\n\n\n\n\n\n\n\n\n\n\n\n\n\n\n\n \n\n\n\n\nReceita de bolo de aniversário especial\n\n\n\n\n\n\n\n\n\n\n\n\n\n\n\n\n \n\n\n\n\nDelicioso quiabo frito, receita simples\n\n\n\n\n\n\n\n\n\n\n\n\n\n\n\n\n \n\n\n\n\nBolinho de chuva muito simples\n\n\n\n\n\n\n\n\n\n\n\n\n\n\n\n\n \n\n\n\n\nA melhor pamonha mineira que você já comeu\n\n\n\n\n\n\n\n\n\n\n\n\n\n\n\n\n \n\n\n\n\nReceita de bolinho de chuva ideal para dias frios em apenas 30 minutos",
    "data": "2019-12-10T15:31:40+00:00",
    "tempo_preparo": "Até 1 hora",
    "dificuldade": "fácil",
    "ingredientes": "1 colher de sopa de fermento em pó 1 xícara de leite fervendo 1 colherinha de manteiga 2 xícaras de farinha de trigo 2 xícaras de açúcar 4 ovos"
}