{
    "url": "https://www.receitadahora.com/bolos/bolo-de-milho-com-coco-de-liquidificador/",
    "titulo": "Bolo de milho com coco de liquidificador - Receita da Hora",
    "descricao": "Saiba como fazer Bolo de milho com coco de liquidificador. Uma receita de Bolos simples, fácil e muito gostosa. Acesse o nosso site e aprenda hoje mesmo diversas receitas.",
    "texto": "Bolo de milho com coco de liquidificador\n\n\n\n\nCOMPARTILHE\n \n\n\n\n\n\n\n\n\n\n\n\n\n\n\n\n\n\n\nTempo de preparo: \nAté 1 hora\nServe: \nAté 10 porções\nDificuldade: \nfácil\n\n\n\n\n\n\nAprenda a preparar bolo de milho com coco de liquidificador\n\n\nQue tal fazer um bolo delicioso para tomar aquele café da tarde junto com um amigo? Essa receita de \nbolo de milho com coco de liquidificador\n é com certeza a melhor escolha. Esse \nbolo de milho com coco de liquidificador\n é com certeza o melhor que você já experimentou. O melhor de tudo é que esse \nbolo de milho com coco\n é muito simples de ser feito e você pode fazer a qualquer momento. Esse bolo é perfeito para tomar junto com um café coado na hora fica simplesmente delicioso com certeza todos vão amar essa receita.\n\n\n\n\n\n\n\n\n\n\n\n\n\n\n\n\n\n\n\n\n\n\n\n\nBolo de milho com coco de liquidificador\n\n\n \n\n\n\n\n\n\nINGREDIENTES\n\n\n\n\n1 colher de sopa de margarina\n1 lata de milho\n1 lata de leite condensado\n1 colher de sobremesa de fermento\n1 pacote de coco ralado\n3 ovos inteiros\n \n\n\nMODO DE PREPARO\n\n\n\n\nprimeiro bata o milho a margarina e os ovos inteiros no liquidificador por pouco tempo para que o milho nao se desfaça por completo, depois acrescente o leite condensado e o coco e bata mais um pouco, mas lembre-se de nao deixar o milho se desfazer, e por fim acrescente o fermento e misture-o bem.\nagora numa forma untada com margarina e farinha despeje a massa e leve ao forno pre-aquecido.\naguarde de 30 a 40 minutos para abrir o forno, e enta se o bolo estiver dourado em cima esta pronto.\n \n\n\t\t\t\t\t\t\tEsse bolo é simples e rápido perfeito para preparar naquele dia que está aquela correria e o melhor de tudo fica perfeito. Além dessa receita temos deliciosas \nreceitas de torta\n que com certeza vão te deixar com água na boca.\t\t\t\t\n\n\n\n\n\n\n\n\n\n\nVeja Também\n\n\n\n\n\n\n\n\n\n\n\n\n \n\n\n\n\nReceita de bolo de milho de fazenda\n\n\n\n\n\n\n\n\n\n\n\n\n\n\n\n\n \n\n\n\n\nTorta de chocolate\n\n\n\n\n\n\n\n\n\n\n\n\n\n\n\n\n \n\n\n\n\nDonuts – Deliciosos e fáceis\n\n\n\n\n\n\n\n\n\n\n\n\n\n\n\n\n \n\n\n\n\nRocambole de carne com queijo puxa-puxa\n\n\n\n\n\n\n\n\n\n\n\n\n\n\n\n\n \n\n\n\n\nReceita de coxinha simples\n\n\n\n\n\n\n\n\n\n\n\n\n\n\n\n\n \n\n\n\n\nBolo floresta negra",
    "data": "2019-12-17T17:49:43+00:00",
    "tempo_preparo": "Até 1 hora",
    "dificuldade": "fácil",
    "ingredientes": "1 colher de sopa de margarina 1 lata de milho 1 lata de leite condensado 1 colher de sobremesa de fermento 1 pacote de coco ralado 3 ovos inteiros"
}