{
    "url": "https://www.receitadahora.com/bolos/bolo-de-amendoim/",
    "titulo": "Bolo de amendoim - Receita da Hora",
    "descricao": "Saiba como fazer Bolo de amendoim. Uma receita de Bolos simples, fácil e muito gostosa. Acesse o nosso site e aprenda hoje mesmo diversas receitas.",
    "texto": "Bolo de amendoim\n\n\n\n\nCOMPARTILHE\n \n\n\n\n\n\n\n\n\n\n\n\n\n\n\n\n\n\n\nTempo de preparo: \n50 minutos\nServe: \n20 porções\nDificuldade: \nmédia\n\n\n\n\n\n\nAprenda como fazer bolo de amendoim\n\n\nO amendoim é uma leguminosa de origem vegetal, que é originária da América do sul. Com o descobrimento do amendoim muitos e muitos pratos foram criados e o bolo de amendoim se destaca entre eles. Principalmente se tratando de pratos doces, porém o amendoim também fica delicioso servido salgado. Um dos doces mais conhecidos feito de amendoim é a paçoca. A paçoca surgiu no período colonial do Brasil, porém os índios já faziam um doce muito parecido porém que ia mandioca na mistura. Bom, e assim foram surgindo muitos outros doces de amendoim. E um deles foi o bolo de amendoim. Inspirado na paçoca o bolo de amendoim se tornou muito famoso até hoje em dia  e sua receita é muito fácil. Trouxemos uma receita de bolo de amendoim que é simplesmente deliciosa. Você irá se surpreender e a todos que experimentarem também.\n\n\n\n\n\n\n\n\n\n\n\n\n\n\n\n\n\n\n\n\n\n\n\n\n\n\n\n\n\n\n\n\n\n\n\n\n\n\nBolo de amendoim\n\n\n \n\n\n\n\n\n\nINGREDIENTES\n\n\n\n\n3 ovos\n1 xícara de chá de açúcar\n2 xícaras de chá de farinha de trigo\n1 xícara de chá de margarina\nmeia xícara de chá de amido de milho\n1 xícara de chá de amendoim torrado, sem pele e moído\n1 colher de sopa de fermento em pó\nmeia xícara de chá de leite\n \n\n\nMODO DE PREPARO\n\n\n\n\nBata as claras em neve e reserve.\nBata o açúcar, as gemas e a margarina até ficar cremoso.\nAdicione  a farinha, o amido de milho, o amendoim e o leite e continue batendo.\nMisture o fermento e as claras de neve até incorporar.\nAsse em forno médio , preaquecido em uma forma untada por cerca de 35 minutos.\n \n\n\nDicas para você:\n\r\n\r\nVocê pode colocar amendoins picados em cima do bolo, ou colocar leite condensado em cima do bolo que ficará uma delícia. Você também pode optar por outras coberturas.\r\n\r\n\n \n\n\n\n\n\n\n\n\n\n\nVeja Também\n\n\n\n\n\n\n\n\n\n\n\n\n \n\n\n\n\nReceita de vinho quente com frutas\n\n\n\n\n\n\n\n\n\n\n\n\n\n\n\n\n \n\n\n\n\nCreme de milho fantástico\n\n\n\n\n\n\n\n\n\n\n\n\n\n\n\n\n \n\n\n\n\nBiscoito de manteiga caseiro\n\n\n\n\n\n\n\n\n\n\n\n\n\n\n\n\n \n\n\n\n\nTorta de abacaxi\n\n\n\n\n\n\n\n\n\n\n\n\n\n\n\n\n \n\n\n\n\nBolinho de arroz\n\n\n\n\n\n\n\n\n\n\n\n\n\n\n\n\n \n\n\n\n\nPão de queijo simples e fácil",
    "data": "2019-10-30T02:58:47+00:00",
    "tempo_preparo": "50 minutos",
    "dificuldade": "média",
    "ingredientes": "3 ovos 1 xícara de chá de açúcar 2 xícaras de chá de farinha de trigo 1 xícara de chá de margarina meia xícara de chá de amido de milho 1 xícara de chá de amendoim torrado, sem pele e moído 1 colher de sopa de fermento em pó meia xícara de chá de leite"
}