{
    "url": "https://www.receitadahora.com/bolos/bolo-de-milho-verde-fresco/",
    "titulo": "Bolo de milho verde fresco - Receita da Hora",
    "descricao": "Saiba como fazer Bolo de milho verde fresco. Uma receita de Bolos simples, fácil e muito gostosa. Acesse o nosso site e aprenda hoje mesmo diversas receitas.",
    "texto": "Bolo de milho verde fresco\n\n\n\n\nCOMPARTILHE\n \n\n\n\n\n\n\n\n\n\n\n\n\n\n\n\n\n\n\nTempo de preparo: \nAté 1 hora\nServe: \nAté 10 porções\nDificuldade: \nfácil\n\n\n\n\n\n\nAprenda a fazer bolo de milho verde fresco\n\n\nO \nbolo de milho verde fresco\n é uma receita muito comum aqui no Brasil, principalmente quando se fala das festas juninas. Nelas as receitas de milho são muito comum e o \nbolo de milho verde fresco\n está entre as receitas favoritas. E essa receita de\n bolo de milho verde fresco\n é com certeza a melhor que você já experimentou, e com certeza todos vão adorar. Você pode fazer esse bolo para tomar um café da manhã ou para levar para tomar um café e conversar com um amigo.\n\n\n\n\n\n\n\n\n\n\n\n\n\n\n\n\n\n\n\n\n\n\n\n\nBolo de milho verde fresco\n\n\n \n\n\n\n\n\n\nINGREDIENTES\n\n\n\n\n3 colheres de manteiga\n100 ml de leite de coco ou leite\n1/2 xícara de coco ralado \n1 e 1/2 xícara de chá de açúcar\n4 e 1/2 xícaras de chá de milho verde fresco\n1 pitada de sal\n \n\n\nMODO DE PREPARO\n\n\n\n\nColoque metade do milho no liquidificador e adicione o açúcar, a manteiga, o leite de coco e o sal.\nBata por cerca de 2 minutinhos e em seguida adicione o restante do milho e bata por mais 2 minutos.\nTransfira essa mistura para uma tigela e adicione o coco ralado.\nMisture tudo muito bem e despeje numa forma untada e enfarinhada.\nLeve para assar em forno médio preaquecido, por cerca de 40 minutos ou até dourar.\n \n\n\t\t\t\t\t\t\tAlém dessa deliciosa receita de bolo de milho verde fresco aqui no receita da hora temos maravilhosas \nreceitas de torta\n.\r\n\r\n \r\n\n \n\n\n\n\n\n\n\n\n\n\nVeja Também\n\n\n\n\n\n\n\n\n\n\n\n\n \n\n\n\n\nPamonha tradicional deliciosa\n\n\n\n\n\n\n\n\n\n\n\n\n\n\n\n\n \n\n\n\n\nEscondidinho de carne seca com batata simples\n\n\n\n\n\n\n\n\n\n\n\n\n\n\n\n\n \n\n\n\n\nReceita de escondidinho de carne seca em 50 minutos\n\n\n\n\n\n\n\n\n\n\n\n\n\n\n\n\n \n\n\n\n\nTorta holandesa tradicional em 50 minutos\n\n\n\n\n\n\n\n\n\n\n\n\n\n\n\n\n \n\n\n\n\nReceita fácil de doce de leite condensado\n\n\n\n\n\n\n\n\n\n\n\n\n\n\n\n\n \n\n\n\n\nChocolate quente",
    "data": "2019-11-20T17:44:03+00:00",
    "tempo_preparo": "Até 1 hora",
    "dificuldade": "fácil",
    "ingredientes": "3 colheres de manteiga 100 ml de leite de coco ou leite 1/2 xícara de coco ralado  1 e 1/2 xícara de chá de açúcar 4 e 1/2 xícaras de chá de milho verde fresco 1 pitada de sal"
}