{
    "url": "https://www.receitadahora.com/bolos/bolo-de-milho-com-fuba-fofinho/",
    "titulo": "Bolo de milho com fubá fofinho - Receita da Hora",
    "descricao": "Saiba como fazer Bolo de milho com fubá fofinho. Uma receita de Bolos simples, fácil e muito gostosa. Acesse o nosso site e aprenda hoje mesmo diversas receitas.",
    "texto": "Bolo de milho com fubá fofinho\n\n\n\n\nCOMPARTILHE\n \n\n\n\n\n\n\n\n\n\n\n\n\n\n\n\n\n\n\nTempo de preparo: \nAté 1 hora\nServe: \nAté 10 porções\nDificuldade: \nfácil\n\n\n\n\n\n\nDescubra como preparar bolo de milho com fubá\n\n\nQue tal fazer um bolo delicioso para tomar aquele café da tarde junto com um amigo? Essa receita de \nbolo de milho com fubá\n é com certeza a melhor escolha. Esse \nbolo de milho com fubá\n é com certeza o melhor que você já experimentou. O melhor de tudo é que esse \nbolo de milho com fubá\n é muito simples de ser feito e você pode fazer a qualquer momento. Esse bolo é perfeito para tomar junto com um café coado na hora fica simplesmente delicioso com certeza todos vão amar.\n\n\n\n\n\n\n\n\n\n\n\n\n\n\n\n\n\n\n\n\n\n\n\n\nBolo de milho com fubá fofinho\n\n\n \n\n\n\n\n\n\nINGREDIENTES\n\n\n\n\n1 xícara de chá de óleo\n1 lata de milho verde com água\n1 colher de sopa de fermento em pó\n1 pitada de sal\n2 xícaras de chá de açúcar\n4 ovos\n9 colheres de fubá\n \n\n\nMODO DE PREPARO\n\n\n\n\nColoque os ovos com o açúcar no liquidificador.\nBata bem.\nDepois, acrescente a lata de milho, o óleo, o fubá e a pitada de sal.\nPor último, coloque o fermento em pó, mexendo delicadamente com uma colher.\nUnte uma forma quadrada (pequena ou média) ou de pudim.\nAsse em forno médio pré - aquecido, por aproximadamente 30 minutos ou até dourar, o tempo varia de forno para forno.\n \n\n\t\t\t\t\t\t\tEsse prato é simples e rápido perfeito para preparar naquele dia que está aquela correria e o melhor de tudo fica perfeito. Além dessa receita temos deliciosas \nreceitas de torta\n que com certeza vão te deixar com água na boca.\t\t\t\t\n\n\n\n\n\n\n\n\n\n\nVeja Também\n\n\n\n\n\n\n\n\n\n\n\n\n \n\n\n\n\nBatata doce assada em 5 passos\n\n\n\n\n\n\n\n\n\n\n\n\n\n\n\n\n \n\n\n\n\nO melhor baião de dois\n\n\n\n\n\n\n\n\n\n\n\n\n\n\n\n\n \n\n\n\n\nCarne de panela com batatas\n\n\n\n\n\n\n\n\n\n\n\n\n\n\n\n\n \n\n\n\n\nFrango empanado para toda a família\n\n\n\n\n\n\n\n\n\n\n\n\n\n\n\n\n \n\n\n\n\nCaldinho de feijão\n\n\n\n\n\n\n\n\n\n\n\n\n\n\n\n\n \n\n\n\n\nA melhor calda para molhar bolo",
    "data": "2019-12-10T02:05:06+00:00",
    "tempo_preparo": "Até 1 hora",
    "dificuldade": "fácil",
    "ingredientes": "1 xícara de chá de óleo 1 lata de milho verde com água 1 colher de sopa de fermento em pó 1 pitada de sal 2 xícaras de chá de açúcar 4 ovos 9 colheres de fubá"
}