{
    "url": "https://www.receitadahora.com/bolos/bolo-de-abobora/",
    "titulo": "Bolo de abóbora - Receita da Hora",
    "descricao": "Saiba como fazer Bolo de abóbora. Uma receita de Bolos simples, fácil e muito gostosa. Acesse o nosso site e aprenda hoje mesmo diversas receitas.",
    "texto": "Bolo de abóbora\n\n\n\n\nCOMPARTILHE\n \n\n\n\n\n\n\n\n\n\n\n\n\n\n\n\n\n\n\nTempo de preparo: \nAté 1 hora\nServe: \nAté 10 porções\nDificuldade: \nfácil\n\n\n\n\n\n\nAprenda a fazer bolo de abóbora\n\n\nQue um bolo delicioso para tomar aquele café da tarde junto com um amigo? Essa receita de \nbolo de abóbora \n é com certeza a melhor escolha. Esse \nbolo de abóbora\n é com certeza o melhor que você já experimentou. O melhor de tudo é que esse \nbolo de abóbora\n é muito simples de ser feito e você pode fazer a qualquer momento. Esse bolo é perfeito para tomar junto com um café coado na hora fica simplesmente perfeito.\n\n\n\n\n\n\n\n\n\n\n\n\n\n\n\n\n\n\n\n\n\n\n\n\nBolo de abóbora\n\n\nCom certeza esse bolo vai deixar seu café da tarde ainda mais completo e ainda mais delicioso.\n\n\n\n\n\n\n\n\n\n\n\n\n\n\n \n\n\n\n\n\n\nINGREDIENTES\n\n\n\n\n4 ovos\n4 colheres de sopa de manteiga\n2 xícaras de chá de farinha de trigo\n2 xícaras de chá de açúcar\n1/2 kg de abóbora cozida \n1 xícara de chá de amido de milho \n1 xícara de chá de coco ralado\n1 colher de sobremesa de fermento químico em pó\n1 pitada de sal\n \n\n\nMODO DE PREPARO\n\n\n\n\nCozinhar a abóbora no vapor.\nApós o cozimento, espremê-la no espremedor. Reserve.\nBater as claras com uma pitada de sal na tigela menor da badedeira, até obter o ponto de neve. Reserve.\nNa tigela maior, bater as gemas com o açúcar e a manteiga.\nEm seguida, acrescente a abóbora espremida, o coco, o trigo e o amido de milho, sempre batendo.\nDesligue a batedeira a acrescente as claras em neve, mexendo à mão, delicadamente. Por último, junte o fermento, assando em forma untada com óleo e farinha de pão em forno brando por meia hora.\n \n\n\t\t\t\t\t\t\tEsse prato é simples e rápido perfeito para preparar naquele dia que está aquela correria e o melhor de tudo fica perfeito. Além dessa receita temos deliciosas \nreceitas de torta\n que com certeza vão te deixar com água na boca.\t\t\t\t\n\n\n\n\n\n\n\n\n\n\nVeja Também\n\n\n\n\n\n\n\n\n\n\n\n\n \n\n\n\n\nBolinho de chuva com banana – Sencacional\n\n\n\n\n\n\n\n\n\n\n\n\n\n\n\n\n \n\n\n\n\nLasanha de frango deliciosa\n\n\n\n\n\n\n\n\n\n\n\n\n\n\n\n\n \n\n\n\n\nMassa para pizza em 5 passos\n\n\n\n\n\n\n\n\n\n\n\n\n\n\n\n\n \n\n\n\n\nFraldinha assada\n\n\n\n\n\n\n\n\n\n\n\n\n\n\n\n\n \n\n\n\n\nReceita de cajuzinho delicioso e simples\n\n\n\n\n\n\n\n\n\n\n\n\n\n\n\n\n \n\n\n\n\nBolinho de arroz frito – Sequinho por fora",
    "data": "2019-11-25T15:16:33+00:00",
    "tempo_preparo": "Até 1 hora",
    "dificuldade": "fácil",
    "ingredientes": "4 ovos 4 colheres de sopa de manteiga 2 xícaras de chá de farinha de trigo 2 xícaras de chá de açúcar 1/2 kg de abóbora cozida  1 xícara de chá de amido de milho  1 xícara de chá de coco ralado 1 colher de sobremesa de fermento químico em pó 1 pitada de sal"
}