{
    "url": "https://www.receitadahora.com/bolos/bolo-salgado-de-liquidificador/",
    "titulo": "Bolo salgado de liquidificador simples - Receita da Hora",
    "descricao": "Saiba como fazer Bolo salgado de liquidificador simples. Uma receita de Bolos simples, fácil e muito gostosa. Acesse o nosso site e aprenda hoje mesmo diversas receitas.",
    "texto": "Bolo salgado de liquidificador simples\n\n\n\n\nCOMPARTILHE\n \n\n\n\n\n\n\n\n\n\n\n\n\n\n\n\n\n\n\nTempo de preparo: \nAté 1 hora\nServe: \nAté 10 porções\nDificuldade: \nFácil\n\n\n\n\n\n\nComo fazer bolo salgado de liquidificador\n\n\nO bolo salgado está aos poucos conquistando a mesa dos brasileiros. Seu recheio diferente traz um sabor novo ao conceito de bolo que estamos acostumados. Para ficar ainda mais simples, essa receita de \nbolo salgado de liquidificador\n pode ser preparado com ingredientes práticos.\n\n\n\n\n\n\n\n\n\n\n\n\n\n\n\n\n\n\n\n\n\n\n\n\nSe você deseja se arriscar nesse sabor novo e completamente delicioso do nosso bolo salgado de liquidificador, não esqueça de conferir também nossas outras r\neceitas de bolos\n para equilibrar o sabor.\n\n\n\n\n\n\n\n\n\n\n\n\n\n\n\n\nIngredientes – Bolo salgado de liquidificador\n\n\n12 colheres (sopa) de farinha de trigo\n\n\n3 unidades de ovo\n\n\n1 xícara (chá) de azeite\n\n\n3 colheres (sopa) de queijo ralado\n\n\n1 colher (chá) de sal\n\n\n2 colheres (sopa) de fermento químico em pó\n\n\n2 copos de leite\n\n\nModo de preparo – Bolo salgado de liquidificador\n\n\n1. Bata todos os ingredientes no liquidificador.\n\n\n2. Unte um refratário e coloque a massa.\n\n\n3. Por cima, distribua o recheio a gosto (carne moída, frango, atum, camarão ou bacalhau).\n\n\n4. Leve ao forno médio, pré-aquecido por aproximadamente 30min ou até assar.\n\n\n\n\n \n\n\n\n\n\n\n\t\t\t\t\t \r\n\n \n\n\n\n\n\n\n\n\n\n\nVeja Também\n\n\n\n\n\n\n\n\n\n\n\n\n \n\n\n\n\nMassa de pastelão crocante\n\n\n\n\n\n\n\n\n\n\n\n\n\n\n\n\n \n\n\n\n\nMassa de coxinha rápida e fácil\n\n\n\n\n\n\n\n\n\n\n\n\n\n\n\n\n \n\n\n\n\nReceita de feijoada em 60 minutos\n\n\n\n\n\n\n\n\n\n\n\n\n\n\n\n\n \n\n\n\n\nOlho de sogra simples e delicioso\n\n\n\n\n\n\n\n\n\n\n\n\n\n\n\n\n \n\n\n\n\nRosquinha de pinga\n\n\n\n\n\n\n\n\n\n\n\n\n\n\n\n\n \n\n\n\n\nReceita de bolo de coco simples em 6 passos",
    "data": "2019-11-13T00:03:32+00:00",
    "tempo_preparo": "Até 1 hora",
    "dificuldade": "Fácil",
    "ingredientes": null
}