{
    "url": "https://www.receitadahora.com/bolos/bolo-de-pote/",
    "titulo": "Bolo de pote com dois recheios - Receita da Hora",
    "descricao": "Saiba como fazer Bolo de pote com dois recheios. Uma receita de Bolos simples, fácil e muito gostosa. Acesse o nosso site e aprenda hoje mesmo diversas receitas.",
    "texto": "Bolo de pote com dois recheios\n\n\n\n\nCOMPARTILHE\n \n\n\n\n\n\n\n\n\n\n\n\n\n\n\n\n\n\n\nTempo de preparo: \nAté 1 hora\nServe: \nAté 6 porções\nDificuldade: \nFácil\n\n\n\n\n\n\nSaiba como fazer bolo de pote\n\n\nQuando pensamos em renda extras existem milhares de opções para arrecadar aquele dinheiro que você precisa. O bolo de pote é uma escolha perfeita quando se trata de simplicidade e sabor, te ajudando e deixando seus clientes mais felizes. Aprenda \ncomo fazer bolo de pote\n e aproveite essa deliciosa \nreceita de bolo\n!\n\n\n\n\n\n\n\n\n\n\n\n\n\n\n\n\n\n\n\n\n\n\n\n\n\n\n\n\n\n\n\n\n\n\n\n\n\n\nIngredientes – Como fazer bolo de pote\n\n\n\n\n\n\n\n\n2\n \novos\n\n\n1/2 xícara de\n a\nçúcar\n\n\n1/3 xícara de\n \nóleo\n\n\n5 colheres (sopa) de\n \nchocolate em pó\n\n\n1 xícara de\n \nfarinha de trigo\n\n\n1/2 xícara de\n á\ngua quente\n\n\n1 colher (chá) de\n \nfermento\n\n\n\n\n\n\n\n\n\n\n\n\nRecheio\n\n\n\n\n1 lata de\n \nleite condensado\n\n\n1/2 colher (sopa) de\n \nmanteiga\n\n\n4 colheres (sopa) de\n \nchocolate em pó\n\n\n1 lata de\n \nleite condensado\n\n\n1/2 colher (sopa) de\n \nmanteiga\n\n\n4 colheres (sopa) de\n l\neite ninho\n\n\n1 lata de\n \ncreme de leite\n\n\n1/2 xícara de\n \nleite\n\n\nModo de preparo\n\n\n\n\n\n\n\n\n\n\n1. Misture todos os ingredientes do bolo. \nColoque em uma forma de 18cm x 18cm untada e polvilhada com chocolate em pó.\n\n\n\n\n\n\n2. Leve ao forno 180ºC por mais ou menos 30-35 minutos ou até que fique com o palito limpo.\n\n\n\n\n\n\n\n\n\n\n\n\n\n\n\n\nRecheios\n\n\n\n\n\n\n1. Para o preparo do Brigadeiro: Coloque 1 lata de leite condensado na panela e reserve umas 2 colheres de leite condensado. \nAcrescente a manteiga e o chocolate. Deixe no fogo baixo mexendo sempre.\n\n2. Quando desgrudar desligue a panela e acrescente metade do creme de leite. Reserve.\n\n3. Para o recheio de Leite Ninho repita o mesmo processo do brigadeiro, apenas substituindo o chocolate pelo leite ninho. Reserve.\n\n\n\n\n\n\n\n\n\n\n\n\n\n\n\n\nMontagem\n\n\n\n\n\n\n1. Você pode fazer esse bolo no pote de 2 formas: a primeira é cortando o bolo com cortador e a segunda esfarelando o bolo.\n\n\n\n\n\n\n2. Inicie com um dos recheios. \nDepois coloque a massa (em fatias ou esfarelada). Depois a calda (com o leite condensado e o leite). Em seguida mais recheio.\n\n3. Repita o processo até chegar ao topo do pote, sempre finalizando com algum dos recheios. Decore com os confeitos de sua preferência.\n\n\n\n\n\n\n\n\n\n\n\n\n\n\n\n\n\n\n\n\n\n\n \n\n\n\n\n\n\n\t\t\t\t\t \r\n\n\n\n\n\n \n\n\n\n\n\n\n\n\n\n\nVeja Também\n\n\n\n\n\n\n\n\n\n\n\n\n \n\n\n\n\nReceita de coxa e sobrecoxa assada com batatas\n\n\n\n\n\n\n\n\n\n\n\n\n\n\n\n\n \n\n\n\n\nMacarronada de carne moida rápida\n\n\n\n\n\n\n\n\n\n\n\n\n\n\n\n\n \n\n\n\n\nDoce de batata doce em 3 passos\n\n\n\n\n\n\n\n\n\n\n\n\n\n\n\n\n \n\n\n\n\nCappuccino caseiro muito gostoso\n\n\n\n\n\n\n\n\n\n\n\n\n\n\n\n\n \n\n\n\n\nFarofa de ovo\n\n\n\n\n\n\n\n\n\n\n\n\n\n\n\n\n \n\n\n\n\nBolo de maçã de liquidificador muito gostoso",
    "data": "2019-11-29T19:48:17+00:00",
    "tempo_preparo": "Até 1 hora",
    "dificuldade": "Fácil",
    "ingredientes": null
}