{
    "url": "https://www.receitadahora.com/bolos/bolo-de-laranja/",
    "titulo": "Bolo de laranja - Receita da Hora",
    "descricao": "Saiba como fazer Bolo de laranja. Uma receita de Bolos simples, fácil e muito gostosa. Acesse o nosso site e aprenda hoje mesmo diversas receitas.",
    "texto": "Bolo de laranja\n\n\n\n\nCOMPARTILHE\n \n\n\n\n\n\n\n\n\n\n\n\n\n\n\n\n\n\n\nTempo de preparo: \n40 minutos\nServe: \n12 porções\nDificuldade: \nfácil\n\n\n\n\n\n\nDescubra como fazer bolo de laranja\n\n\nO bolo de laranja é uma ótima opção para adicionar ao seu café da manhã ou em um café da tarde, o bolo de laranja é uma opção para ser servido ainda quente, mas também fica uma delicia frio, uma massa fofinha que cai super bem com um suco ou até mesmo um cafézinho quente. A receita de bolo de laranja que trouxemos hoje para vocês com certeza vai te encantar e a todos que experimentarem.\n\n\n\n\n\n\n\n\n\n\n\n\n\n\n\n\n\n\n\n\n\n\n\n\nBolo de laranja\n\n\n \n\n\n\n\n\n\nINGREDIENTES\n\n\n\n\n4 ovos\n2 xícaras de chá de açúcar\n1 xícara de chá de óleo\nsuco de 2 laranjas\ncasca de 1 laranja\n2 xícaras de chá de farinha de trigo\n1 colher de chá de fermento\n \n\n\nMODO DE PREPARO\n\n\n\n\nColoque os ovos, o açúcar, o óleo e a casca de laranja em um liquidificador e bata.\nEm uma tigela adicione a farinha de trigo e o fermento e passe a mistura do liquidificador para a tigela e mexa.\nEm uma forma com furo central untada adicione a mistura e leve ao forno por cerca de 30 minutos em forno médio.\nDesenforme o bolo e molhe com o suco de laranja.\n \n\n\t\t\t\t\t\t\tUma dica para que seu bolo de laranja fique ainda mais delicioso é fazer uma calda de laranja por cima, basta colocar uma xícara de açúcar e suco de uma laranja, esperar ferver e jogar por cima. Outra calda que fica uma delicia com bolo de laranja também é  a calda de chocolate durinha que também temos aqui no receita da hora.\t\t\t\t\n\n\n\n\n\n\n\n\n\n\nVeja Também\n\n\n\n\n\n\n\n\n\n\n\n\n \n\n\n\n\nMacarrão com almondegas\n\n\n\n\n\n\n\n\n\n\n\n\n\n\n\n\n \n\n\n\n\nBolo de fubá cremoso delicioso\n\n\n\n\n\n\n\n\n\n\n\n\n\n\n\n\n \n\n\n\n\nPão de queijo com mussarela saboroso\n\n\n\n\n\n\n\n\n\n\n\n\n\n\n\n\n \n\n\n\n\nBolo de carne em 4 passos\n\n\n\n\n\n\n\n\n\n\n\n\n\n\n\n\n \n\n\n\n\nDeliciosa receita de caldo de mandioca\n\n\n\n\n\n\n\n\n\n\n\n\n\n\n\n\n \n\n\n\n\nReceita de pasta americana caseira",
    "data": "2019-10-25T13:49:36+00:00",
    "tempo_preparo": "40 minutos",
    "dificuldade": "fácil",
    "ingredientes": "4 ovos 2 xícaras de chá de açúcar 1 xícara de chá de óleo suco de 2 laranjas casca de 1 laranja 2 xícaras de chá de farinha de trigo 1 colher de chá de fermento"
}