{
    "url": "https://www.receitadahora.com/bolos/bolo-gelado-delicioso/",
    "titulo": "Bolo gelado delicioso - Receita da Hora",
    "descricao": "Saiba como fazer Bolo gelado delicioso. Uma receita de Bolos simples, fácil e muito gostosa. Acesse o nosso site e aprenda hoje mesmo diversas receitas.",
    "texto": "Bolo gelado delicioso\n\n\n\n\nCOMPARTILHE\n \n\n\n\n\n\n\n\n\n\n\n\n\n\n\n\n\n\n\nTempo de preparo: \nAté 1 hora\nServe: \nMais de 10 porções\nDificuldade: \nfácil\n\n\n\n\n\n\nComo preparar bolo gelado\n\n\nEstá afim de uma sobremesa deliciosa ? Que tal fazer um \nbolo gelado\n para sua sobremesa? Essa receita de \nbolo gelado\n é simplesmente deliciosa e o melhor de tudo é que é muito simples de ser feita. Essa sobremesa é a escolha perfeita para fazer para aquele almoço em família que com certeza todos vão adorar ou até mesmo fazer para comer quando está com vontade de comer um doce.\n\n\n\n\n\n\n\n\n\n\n\n\n\n\n\n\n\n\n\n\n\n\n\n\nbolo gelado\n\n\nEsse \nbolo gelado\n é delicioso para comer em qualquer momento e com certeza vai fazer o maior sucesso. Essa receita de \nbolo gelado\n é tão deliciosa é que com certeza você vai querer fazer muitas outras vezes, todos vão amar essa receita e toda sua família e amigos vão amar.\n\n\n\n\n\n\n\n\n\n\n\n\n\n\n \n\n\n\n\n\n\nINGREDIENTES\n\n\n\n\nMassa:\n1 copo americano de suco de laranja\n1 colher de sopa de fermento em pó\n2 xícaras de chá de açúcar\n3 xícaras de chá de farinha de trigo\n4 ovos\nCobertura: \n1 pacote de coco ralado sem açúcar\n1 garrafa de leite\n1 garrafa pequena de leite de coco\n1 lata de leite condensado\n \n\n\nMODO DE PREPARO\n\n\n\n\nMassa:\nEm uma batedeira, bata as claras em neve acrescentando o açúcar aos poucos e bata por 3 minutos.\nAdicione as gemas, o trigo, o suco e continue batendo até formar uma massa homogênea.\nPor último, adicione o fermento e bata por mais 40 segundos na menor velocidade da batedeira.\nDespeje a massa em uma forma média e untada.\nAsse em forno preaquecido em temperatura média de por 40 minutos ou até dourar.\nCobertura:\nEm uma tigela, misture o leite de coco, o leite, o leite condensado e reserve.\nApós 40 minutos, retire o bolo do forno e fure toda a sua superfície com um garfo para facilitar a penetração da cobertura.\nCom o bolo ainda quente, despeje a cobertura sobre ele e salpique por cima o coco ralado.\nLeve a geladeira por 3 horas, depois corte o bolo em quadrados do tamanho que preferir e embrulhe com papel alumínio.\nConserve na geladeira.\n \n\n\t\t\t\t\t\t\tEsse bolo gelado é simples e rápido perfeito para preparar naquele dia que está aquela correria e o melhor de tudo fica perfeito. Além dessa receita temos deliciosas\n receitas de torta\n que com certeza vão te deixar com água na boca.\t\t\t\t\n\n\n\n\n\n\n\n\n\n\nVeja Também\n\n\n\n\n\n\n\n\n\n\n\n\n \n\n\n\n\nMarshmallow para bolo\n\n\n\n\n\n\n\n\n\n\n\n\n\n\n\n\n \n\n\n\n\nGeladinho de ovomaltine delicioso\n\n\n\n\n\n\n\n\n\n\n\n\n\n\n\n\n \n\n\n\n\nPicanha na panela de pressão\n\n\n\n\n\n\n\n\n\n\n\n\n\n\n\n\n \n\n\n\n\nCreme de morango para bolo\n\n\n\n\n\n\n\n\n\n\n\n\n\n\n\n\n \n\n\n\n\nA melhor trufa de leite ninho\n\n\n\n\n\n\n\n\n\n\n\n\n\n\n\n\n \n\n\n\n\nReceita de bala baiana prática e tradicional",
    "data": "2020-01-28T14:44:53+00:00",
    "tempo_preparo": "Até 1 hora",
    "dificuldade": "fácil",
    "ingredientes": "Massa: 1 copo americano de suco de laranja 1 colher de sopa de fermento em pó 2 xícaras de chá de açúcar 3 xícaras de chá de farinha de trigo 4 ovos Cobertura:  1 pacote de coco ralado sem açúcar 1 garrafa de leite 1 garrafa pequena de leite de coco 1 lata de leite condensado"
}