{
    "url": "https://www.receitadahora.com/bolos/bolo-de-flocos-de-milho/",
    "titulo": "Bolo de flocos de milho - Receita da Hora",
    "descricao": "Saiba como fazer Bolo de flocos de milho. Uma receita de Bolos simples, fácil e muito gostosa. Acesse o nosso site e aprenda hoje mesmo diversas receitas.",
    "texto": "Bolo de flocos de milho\n\n\n\n\nCOMPARTILHE\n \n\n\n\n\n\n\n\n\n\n\n\n\n\n\n\n\n\n\nTempo de preparo: \nAté 1 hora\nServe: \nAté 10 porções\nDificuldade: \nfácil\n\n\n\n\n\n\nDescubra como fazer bolo de flocos de milho\n\n\nQue tal fazer um bolo delicioso para tomar aquele café da tarde junto com um amigo? Essa receita de \nbolo de flocos de milho\n é com certeza a melhor escolha. Esse \nbolo de flocos de milho\n é com certeza o melhor que você já experimentou. O melhor de tudo é que esse \nbolo de flocos de milho \né muito simples de ser feito e você pode fazer a qualquer momento. Esse bolo é perfeito para tomar junto com um café coado na hora fica simplesmente perfeito.\n\n\n\n\n\n\n\n\n\n\n\n\n\n\n\n\n\n\n\n\n\n\n\n\nBolo de flocos de milho\n\n\nCom certeza esse bolo irá deixar o seu café da tarde ainda mais delicioso.\n\n\n\n\n\n\n\n\n\n\n\n\n\n\n \n\n\n\n\n\n\nINGREDIENTES\n\n\n\n\n3 ovos\n50 g de queijo ralado\n2 colheres de sopa rasas de trigo\n2 xícaras de flocos de milho\n2 colheres de sopa de margarina\n2 xícaras de leite\n1 xícara de açúcar\n1 colher de sopa de fermento em pó\n \n\n\nMODO DE PREPARO\n\n\n\n\nBata os ingredientes no liquidificador, exceto o queijo e o fermento, que são misturados por último sem bater.\nColoque em uma forma de pudim, untada e enfarinhada média.\nLeve ao forno médio, preaquecido, por cerca de 40 minutos, ou até dourar.\n \n\n\t\t\t\t\t\t\tEsse prato é simples e rápido perfeito para preparar naquele dia que está aquela correria e o melhor de tudo fica perfeito. Além dessa receita temos deliciosas \nreceitas de torta\n que com certeza vão te deixar com água na boca.\t\t\t\t\n\n\n\n\n\n\n\n\n\n\nVeja Também\n\n\n\n\n\n\n\n\n\n\n\n\n \n\n\n\n\nHambúrguer em apenas 3 passos\n\n\n\n\n\n\n\n\n\n\n\n\n\n\n\n\n \n\n\n\n\nDoce de leite em pó\n\n\n\n\n\n\n\n\n\n\n\n\n\n\n\n\n \n\n\n\n\nCarne de jaca em 30 minutos\n\n\n\n\n\n\n\n\n\n\n\n\n\n\n\n\n \n\n\n\n\nFazendo ovo cozido em apenas 1 minuto\n\n\n\n\n\n\n\n\n\n\n\n\n\n\n\n\n \n\n\n\n\nReceita de strogonoff de frango rápido\n\n\n\n\n\n\n\n\n\n\n\n\n\n\n\n\n \n\n\n\n\nMassa de pizza sem fermento",
    "data": "2019-11-25T15:40:08+00:00",
    "tempo_preparo": "Até 1 hora",
    "dificuldade": "fácil",
    "ingredientes": "3 ovos 50 g de queijo ralado 2 colheres de sopa rasas de trigo 2 xícaras de flocos de milho 2 colheres de sopa de margarina 2 xícaras de leite 1 xícara de açúcar 1 colher de sopa de fermento em pó"
}