{
    "url": "https://www.receitadahora.com/bolos/bolo-de-leite-condensado-simples/",
    "titulo": "Bolo de leite condensado simples - Receita da Hora",
    "descricao": "Saiba como fazer Bolo de leite condensado simples. Uma receita de Bolos simples, fácil e muito gostosa. Acesse o nosso site e aprenda hoje mesmo diversas receitas.",
    "texto": "Bolo de leite condensado simples\n\n\n\n\nCOMPARTILHE\n \n\n\n\n\n\n\n\n\n\n\n\n\n\n\n\n\n\n\nTempo de preparo: \nAté 1 hora\nServe: \nAté 10 porções\nDificuldade: \nFácil\n\n\n\n\n\n\nSaiba como fazer bolo de leite condensado\n\n\nO leite condensado é um dos ingredientes mais usados em receitas de doces e sobremesas. Esse bolo, com massa fofinha e simples, aproveita o melhor do sabor e ainda é prático! Em suma, aprenda a preparar bolo de leite condensado e delicie-se!\n\n\n\n\n\n\n\n\n\n\n\n\n\n\n\n\n\n\n\n\n\n\n\n\n\n\nReceita de bolo de leite condensado\n\n\n\n\n \n\n\n\n\n\n\nINGREDIENTES\n\n\n\n\nPara o Bolo:\n1 1/2 xícara de açúcar\n100g de manteiga derretida\n4 gemas\n320 ml de leite\n1 1/2 xícara de farinha\n4 claras em neve\n1 colher de sopa de fermento químico\nPara a Calda:\n100ml de leite\n½ lata de leite condensado\nPara a Cobertura:\n400g de doce de leite\n300ml de creme de leite fresco\n \n\n\nMODO DE PREPARO\n\n\n\n\n1. Em uma tigela, bater, o açúcar e a manteiga e então juntar as gemas e bater novamente. Misturar o leite, juntar a farinha e bater até que esteja completamente incorporada à massa.\n2. Adicionar, delicadamente as claras e, por último, adicionar o fermento e misturar bem.\n3. Colocar em uma forma untada e enfarinhada e levar para assar em forno preaquecido a 180 graus por, aproximadamente, 30 minutos ou até que ao espetar com um palito este saia limpo. Reservar para esfriar. \n4. Misturar o leite condensado com o leite e reservar.\n5. Com auxílio de um garfo, fazer furinhos no bolo e cobrir com a calda de leite condensado. Dispor o doce de leite sobre o bolo e espalhar para que fique uma camada uniforme. Refrigerar por, pelo menos, 2 horas.\n6. Bater o creme de leite fresco até obter um chantilly. Reservar na geladeira. Servir o bolo com chantilly.\n \n\n\t\t\t\t\t\t\t \r\n\n \n\n\n\n\n\n\n\n\n\n\nVeja Também\n\n\n\n\n\n\n\n\n\n\n\n\n \n\n\n\n\nRisoto de camarão\n\n\n\n\n\n\n\n\n\n\n\n\n\n\n\n\n \n\n\n\n\nA melhor sopa de lentilha\n\n\n\n\n\n\n\n\n\n\n\n\n\n\n\n\n \n\n\n\n\nO melhor arroz com brócolis\n\n\n\n\n\n\n\n\n\n\n\n\n\n\n\n\n \n\n\n\n\nReceita de lasanha de frango deliciosa\n\n\n\n\n\n\n\n\n\n\n\n\n\n\n\n\n \n\n\n\n\nReceita de massa podre simples\n\n\n\n\n\n\n\n\n\n\n\n\n\n\n\n\n \n\n\n\n\nCanudinho de doce de leite assado",
    "data": "2020-01-07T16:48:47+00:00",
    "tempo_preparo": "Até 1 hora",
    "dificuldade": "Fácil",
    "ingredientes": "Para o Bolo: 1 1/2 xícara de açúcar 100g de manteiga derretida 4 gemas 320 ml de leite 1 1/2 xícara de farinha 4 claras em neve 1 colher de sopa de fermento químico Para a Calda: 100ml de leite ½ lata de leite condensado Para a Cobertura: 400g de doce de leite 300ml de creme de leite fresco"
}