{
    "url": "https://www.receitadahora.com/bolos/bolo-fake-de-chocolate-branco-simples/",
    "titulo": "Bolo fake de chocolate branco simples - Receita da Hora",
    "descricao": "Saiba como fazer Bolo fake de chocolate branco simples. Uma receita de Bolos simples, fácil e muito gostosa. Acesse o nosso site e aprenda hoje mesmo diversas receitas.",
    "texto": "Bolo fake de chocolate branco simples\n\n\n\n\nCOMPARTILHE\n \n\n\n\n\n\n\n\n\n\n\n\n\n\n\n\n\n\n\nTempo de preparo: \nAté 1 hora\nServe: \nAté 6 porções\nDificuldade: \nFácil\n\n\n\n\n\n\nAprenda como fazer bolo fake\n\n\nO bolo fake é apenas mais uma das variações da tradicional receita de bolo. Saboroso, prático e delicioso, é perfeito para uma ocasião especial.\n\n\n\n\n\n\n\n\n\n\n\n\n\n\n\n\n\n\n\n\n\n\n\n\nAprenda a preparar um delicioso bolo e surpreenda-se!\n\n\n\n\n\n\n\n\n\n\n\n\n\n\nReceita de bolo fake de chocolate branco\n\n\nIngredientes\n\n\n5 ovos\n\n2 copos (tipo requeijão) de açúcar refinado\n\n1 copo (tipo requeijão) de leite quente\n\n1 colher (de sopa) de margarina sem sal\n\n2 copos (tipo requeijão) de farinha de trigo\n\n1 colher (sopa) de fermento em pó\n\n\n\n\nRecheio e cobertura\n\n\n250 gramas de margarina sem sal\n\n1 lata de leite condensado\n\n1 lata de creme de leite sem soro\n\n10 colheres (sopa) bem cheias de leite ninho\n\n1 vidro de leite de coco\n\n2 colheres (sopa) de açúcar\n\n\n\n\n \n\n\n\n\n\n\nMODO DE PREPARO\n\n\n\n\n1. Bata na batedeira as claras em neve e vá colocando aos poucos as gemas (uma de cada vez), e sem parar de bater vá acrescentando o açúcar e a farinha.\n2. Por último colocar o leite quente com uma colher de margarina, mexa devagar e coloque o fermento.\n3. Leve para assar de 35 a 45 minutos ou até que enfiando um palito no bolo, este saia seco.\n4. Bata na batedeira a margarina com o leite condensado e, sempre batendo, vá acrescentando o leite ninho.\n5. Desligue a batedeira e coloque o creme de leite.\n6. Mexa sem bater misturando bem e leve à geladeira por uns 15 minutos.\n \n\n\t\t\t\t\t\t\t \r\n\n\n\n\n\n\n\n\n\n \n\n\n\n\n\n\n\n\n\n\nVeja Também\n\n\n\n\n\n\n\n\n\n\n\n\n \n\n\n\n\nBolo de flocos de milho\n\n\n\n\n\n\n\n\n\n\n\n\n\n\n\n\n \n\n\n\n\nPudim no fogão\n\n\n\n\n\n\n\n\n\n\n\n\n\n\n\n\n \n\n\n\n\nBolo de fuba com trigo fofinho\n\n\n\n\n\n\n\n\n\n\n\n\n\n\n\n\n \n\n\n\n\nQuentão de vinho\n\n\n\n\n\n\n\n\n\n\n\n\n\n\n\n\n \n\n\n\n\nFilé de peixe cozido\n\n\n\n\n\n\n\n\n\n\n\n\n\n\n\n\n \n\n\n\n\nMolho chipotle cremoso",
    "data": "2019-12-13T17:32:01+00:00",
    "tempo_preparo": "Até 1 hora",
    "dificuldade": "Fácil",
    "ingredientes": null
}