{
    "url": "https://www.receitadahora.com/bolos/bolo-de-fuba-com-goiabada-delicioso/",
    "titulo": "Bolo de fubá com goiabada delicioso - Receita da Hora",
    "descricao": "Saiba como fazer Bolo de fubá com goiabada delicioso. Uma receita de Bolos simples, fácil e muito gostosa. Acesse o nosso site e aprenda hoje mesmo diversas receitas.",
    "texto": "Bolo de fubá com goiabada delicioso\n\n\n\n\nCOMPARTILHE\n \n\n\n\n\n\n\n\n\n\n\n\n\n\n\n\n\n\n\nTempo de preparo: \nAté 1 hora\nServe: \nAté 10 porções\nDificuldade: \nFácil\n\n\n\n\n\n\nReceita bolo de fubá com goiabada\n\n\nO \nbolo de fubá com goiabada\n é uma delícia e muitos simples de preparar. Se você é uma grande fã dessa combinação ou até mesmo nunca experimentou, irá se surpreender. Aproveite esse passo a passo simples de \nbolo de fubá com goiabada\n e compartilhe com toda a família esses momentos. Nada melhor do que um bom bolo para passar a tarde em melhor companhia. Em suma, aprenda a preparar \nbolo de fubá com goiabada\n e aproveite!\n\n\n\n\n\n\n\n\n\n\n\n\n\n\n\n\n\n\n\n\n\n\n\n\nReceita de bolo de fubá com goiabada\n\n\n \n\n\n\n\n\n\nINGREDIENTES\n\n\n\n\nBolo:\n3 ovos grandes\n225g de açúcar refinado\n180g de leite integral\n220g farinha de trigo\n150g de fubá mimoso\n18g de fermento em pó\n4g de erva doce\n180g de óleo\nCalda:\n280g de goiabada\n210g de água fervente\n \n\n\nMODO DE PREPARO\n\n\n\n\n1. Preaqueça o forno a 180ºC. Na sua batedeira, bater os ovos com açúcar, em velocidade 6, até obter uma textura cremosa, esbranquiçada e homogênea.\n2. Acrescente o óleo e bata novamente até ficar homogêneo. Repita o mesmo processo do óleo, com o leite.\n3. Peneire os ingredientes secos (farinha, fubá e fermento) em outro bowl e misturar. Finalize adicionando erva doce à mistura seca.\n4. Reduza a velocidade da batedeira para mínima (velocidade 1), ainda com o bowl com a mistura cremosa homogênea. Adicione a mistura seca em colheradas.\n5. Disponha a massa em uma assadeira untada (em torno de 20x25cm). Asse por 30 minutos a 180ºC no forno preaquecido.\n6. CALDA: Aqueça a água e liquefaça (velocidade 5) junto com os pedaços de goiabada no Liquidificador. Reserve. \n7. Finalize despejando a calda sob o bolo assado com o auxílio de uma colher.\n \n\n\n\n\n\n\n\n\n\n\n\n\nVeja Também\n\n\n\n\n\n\n\n\n\n\n\n\n \n\n\n\n\nPão de fubá\n\n\n\n\n\n\n\n\n\n\n\n\n\n\n\n\n \n\n\n\n\nBolo de milho com fubá fofinho\n\n\n\n\n\n\n\n\n\n\n\n\n\n\n\n\n \n\n\n\n\nCarne seca desfiada com aipim frito em 30 minutos\n\n\n\n\n\n\n\n\n\n\n\n\n\n\n\n\n \n\n\n\n\nBolo salgado de frango com legumes\n\n\n\n\n\n\n\n\n\n\n\n\n\n\n\n\n \n\n\n\n\nSopa de carne em 4 passos\n\n\n\n\n\n\n\n\n\n\n\n\n\n\n\n\n \n\n\n\n\nO melhor bolo de tapioca",
    "data": "2020-11-12T21:31:51+00:00",
    "tempo_preparo": "Até 1 hora",
    "dificuldade": "Fácil",
    "ingredientes": "Bolo: 3 ovos grandes 225g de açúcar refinado 180g de leite integral 220g farinha de trigo 150g de fubá mimoso 18g de fermento em pó 4g de erva doce 180g de óleo Calda: 280g de goiabada 210g de água fervente"
}