{
    "url": "https://www.receitadahora.com/bolos/bolo-de-cenoura-receita/",
    "titulo": "Bolo de cenoura receita em 55 minutos - Receita da Hora",
    "descricao": "Saiba como fazer Bolo de cenoura receita em 55 minutos. Uma receita de Bolos simples, fácil e muito gostosa. Acesse o nosso site e aprenda hoje mesmo diversas receitas.",
    "texto": "Bolo de cenoura receita em 55 minutos\n\n\n\n\nCOMPARTILHE\n \n\n\n\n\n\n\n\n\n\n\n\n\n\n\n\n\n\n\nTempo de preparo: \nAté 1 hora\nServe: \nMais de 10 porções\nDificuldade: \nFácil\n\n\n\n\n\n\nveja como fazer Bolo de cenoura simples e rápido\n\n\nComo fazer bolo de cenoura receita fofinha? Essa pergunta parece ter uma resposta simples.\n\n\n\n\n\n\n\n\n\n\n\n\n\n\n\n\n\n\n\n\n\n\n\n\nNo entanto, muitas pessoas têm dificuldade em fazer um bolo leve e acaba pesando na massa, adicionando ingredientes a mais e por consequência, deixando uma massa pesada.\n\n\n\n\n\n\n\n\n\n\n\n\n\n\nMas com esse bolo de cenoura receita maravilhosa, suas dúvidas e dificuldades irão acabar! Seus bolos ficarão leves e fofinhos, alvo de água de boca.\n\n\nEsse \nbolo de cenoura receita\n é parecida com a maioria, contudo, há um diferencial: ela leva cenouras cozidas!\n\n\nO bolo fica com uma cor intensa e o sabor que esperamos de um bolo de cenoura.\n\n\n\n\n \n\n\n\n\n\n\nINGREDIENTES\n\n\n\n\n250g de cenoura média sem casca\n4 ovos\n1/2 xícara de óleo\n2 1/2 xícara de farinha de trigo\n2 xícaras de açúcar\n1 colher (sopa) de fermento em pó\n \n\n\nMODO DE PREPARO\n\n\n\n\n1. Corte a cenoura em cubos, coloque em uma panela e leve ao fogo para cozinhar. Escorra e deixe esfriar.\n2. No liquidificador coloque a cenoura, os ovos, o óleo e bata.\n3. Transfira a mistura para uma tigela, adicione o açúcar misturando com um fouet.\n4. Comece a acrescentar a farinha peneirando, dessa forma você garante um bolo leve, misture bem.\n5. Acrescente o fermento, envolva os ingredientes e transfira a mistura para a forma.\n6. Leve para assar por aproximadamente 35 minutos. Faça o teste do palito, ele deve sair limpo.\n \n\n\t\t\t\t\t\t\tPara a cobertura, você pode escolher a sua preferida! Optando por uma calda fluída ou também pela clássica cobertura de brigadeiro. Você decide!\r\n\n\n\n \n\n\n\n\n\n\n\n\n\n\nVeja Também\n\n\n\n\n\n\n\n\n\n\n\n\n \n\n\n\n\nMolho caesar delicioso\n\n\n\n\n\n\n\n\n\n\n\n\n\n\n\n\n \n\n\n\n\nPudim sem furinhos simples e delicioso\n\n\n\n\n\n\n\n\n\n\n\n\n\n\n\n\n \n\n\n\n\nBolo salgado simples de legumes\n\n\n\n\n\n\n\n\n\n\n\n\n\n\n\n\n \n\n\n\n\nMassa de bolo lisa\n\n\n\n\n\n\n\n\n\n\n\n\n\n\n\n\n \n\n\n\n\nAs mais deliciosas tufas recheadas\n\n\n\n\n\n\n\n\n\n\n\n\n\n\n\n\n \n\n\n\n\nBolo cocada muito gostoso",
    "data": "2019-11-02T23:06:50+00:00",
    "tempo_preparo": "Até 1 hora",
    "dificuldade": "Fácil",
    "ingredientes": "250g de cenoura média sem casca 4 ovos 1/2 xícara de óleo 2 1/2 xícara de farinha de trigo 2 xícaras de açúcar 1 colher (sopa) de fermento em pó"
}