{
    "url": "https://www.receitadahora.com/bolos/bolo-de-trigo-simples-e-tradicional/",
    "titulo": "Bolo de trigo simples e tradicional - Receita da Hora",
    "descricao": "Saiba como fazer Bolo de trigo simples e tradicional. Uma receita de Bolos simples, fácil e muito gostosa. Acesse o nosso site e aprenda hoje mesmo diversas receitas.",
    "texto": "Bolo de trigo simples e tradicional\n\n\n\n\nCOMPARTILHE\n \n\n\n\n\n\n\n\n\n\n\n\n\n\n\n\n\n\n\nTempo de preparo: \nAté 1 hora\nServe: \nAté 10 porções\nDificuldade: \nFácil\n\n\n\n\n\n\nSaiba como preparar bolo de trigo\n\n\nNada melhor do que uma boa e tradicional receita de bolo! Aqui, você aprenderá \ncomo fazer bolo de trigo \nde maneira simples e em poucos passos!\n\n\n\n\n\n\n\n\n\n\n\n\n\n\n\n\n\n\n\n\n\n\n\n\nReceita de bolo de trigo\n\n\n\n\n \n\n\n\n\n\n\nINGREDIENTES\n\n\n\n\n2 xícaras (chá) farinha de trigo\n2 xícaras (chá) açúcar\n1 xícara (chá) leite\n2 ovos\n4 colheres (sopa) óleo\n1 pitada de sal\n1 colher (sopa) fermento em pó\nEssência de baunilha a gosto\n \n\n\nMODO DE PREPARO\n\n\n\n\n1. Separe o fermento. Na batedeira bata os demais ingredientes por aproximadamente 5 minutos.\n2. Retire a tigela da batedeira, junte o fermento e misture cuidadosamente com uma colher.\n3. Despeje a massa do bolo em uma forma de cone untada e enfarinhada.\n4. Leve ao forno preaquecido a 180ºC por aproximadamente 35 minutos ou até que ao espetar um palito ele saia limpo.\n \n\n\t\t\t\t\t\t\t \r\n\n \n\n\n\n\n\n\n\n\n\n\nVeja Também\n\n\n\n\n\n\n\n\n\n\n\n\n \n\n\n\n\nA melhor torta de carde moída\n\n\n\n\n\n\n\n\n\n\n\n\n\n\n\n\n \n\n\n\n\nReceita de pão de ló fácil e delicioso\n\n\n\n\n\n\n\n\n\n\n\n\n\n\n\n\n \n\n\n\n\nReceita de glacê simples caseiro\n\n\n\n\n\n\n\n\n\n\n\n\n\n\n\n\n \n\n\n\n\nO melhor empadão de frango massa podre\n\n\n\n\n\n\n\n\n\n\n\n\n\n\n\n\n \n\n\n\n\nO melhor creme de limão\n\n\n\n\n\n\n\n\n\n\n\n\n\n\n\n\n \n\n\n\n\nCarne de panela em 6 passos",
    "data": "2019-12-26T22:49:51+00:00",
    "tempo_preparo": "Até 1 hora",
    "dificuldade": "Fácil",
    "ingredientes": "2 xícaras (chá) farinha de trigo 2 xícaras (chá) açúcar 1 xícara (chá) leite 2 ovos 4 colheres (sopa) óleo 1 pitada de sal 1 colher (sopa) fermento em pó Essência de baunilha a gosto"
}