{
    "url": "https://www.receitadahora.com/bolos/bolo-de-batata-doce/",
    "titulo": "Bolo de batata doce com coco - Receita da Hora",
    "descricao": "Saiba como fazer Bolo de batata doce com coco. Uma receita de Bolos simples, fácil e muito gostosa. Acesse o nosso site e aprenda hoje mesmo diversas receitas.",
    "texto": "Bolo de batata doce com coco\n\n\n\n\nCOMPARTILHE\n \n\n\n\n\n\n\n\n\n\n\n\n\n\n\n\n\n\n\nTempo de preparo: \nAté 1 hora\nServe: \nAté 10 porções\nDificuldade: \nFácil\n\n\n\n\n\n\nComo fazer bolo de batata doce\n\n\nEssa você não imaginaria, mas é possível sim! A batata doce vem cada dia mais entrando nas dietas e dia a dia dos brasileiros, estando presente em diversos pratos diferentes. Com esse \nbolo de batata doce\n, você irá experimentar uma delícia culinária diferente do que está acostumado!\n\n\n\n\n\n\n\n\n\n\n\n\n\n\n\n\n\n\n\n\n\n\n\n\nA batata doce traz muitos benefícios, principalmente para aqueles que buscam um físico melhor e querem prestar atenção a sua saúde. Como as nossas outras \nreceitas de bolos\n, esse \nbolo de batata doce\n irá te deixar de boca aberta!\n\n\n\n\n\n\n\n\n\n\n\n\n\n\n\n\nIngredientes – Bolo de batata doce \n\n\n1/2kg de batata-doce cozida e descascada\n\n5 ovos\n\n4 xícaras (chá) de açúcar\n\n3 xícaras (chá) de leite\n\n1 xícara (chá) de coco ralado\n\n3 colheres (sopa) de manteiga\n\n4 xícaras (chá) de farinha de trigo\n\n1 colher (sopa) de fermento em pó químico\n\nMargarina e farinha para untar\n\nCoco ralado para polvilhar\n\n\nModo de preparo – Bolo de batata doce\n\n\n1. Bata no liquidificador a batata-doce, os ovos, o açúcar, leite, coco e a manteiga.\n\n2. Em um recipiente, junte a mistura com a farinha de trigo, acrescente o fermento e misture bem.\n\n3. Despeje o conteúdo em uma fôrma média untada e enfarinhada e leve ao forno médio, preaquecido, por 25 minutos ou até dourar.\n\n4. Desenforme, polvilhe com coco e sirva.\n\n\n\n\n \n\n\n\n\n\n\n\t\t\t\t\t \r\n\n \n\n\n\n\n\n\n\n\n\n\nVeja Também\n\n\n\n\n\n\n\n\n\n\n\n\n \n\n\n\n\nTorta de frango massa podre em 20 minutos\n\n\n\n\n\n\n\n\n\n\n\n\n\n\n\n\n \n\n\n\n\n3 receitas de carne que você ainda não tentou\n\n\n\n\n\n\n\n\n\n\n\n\n\n\n\n\n \n\n\n\n\nGlace com emulsificante delicioso\n\n\n\n\n\n\n\n\n\n\n\n\n\n\n\n\n \n\n\n\n\nRisoto de carne em 50 minutos\n\n\n\n\n\n\n\n\n\n\n\n\n\n\n\n\n \n\n\n\n\nO melhor petit gâteau\n\n\n\n\n\n\n\n\n\n\n\n\n\n\n\n\n \n\n\n\n\nCarne seca desfiada com 4 ingredientes",
    "data": "2019-11-12T01:10:02+00:00",
    "tempo_preparo": "Até 1 hora",
    "dificuldade": "Fácil",
    "ingredientes": null
}