{
    "url": "https://www.receitadahora.com/bolos/bolo-queijadinha-facil-e-pratico/",
    "titulo": "Bolo queijadinha fácil e prático - Receita da Hora",
    "descricao": "Saiba como fazer Bolo queijadinha fácil e prático. Uma receita de Bolos simples, fácil e muito gostosa. Acesse o nosso site e aprenda hoje mesmo diversas receitas.",
    "texto": "Bolo queijadinha fácil e prático\n\n\n\n\nCOMPARTILHE\n \n\n\n\n\n\n\n\n\n\n\n\n\n\n\n\n\n\n\nTempo de preparo: \nAté 1 hora\nServe: \nAté 10 porções\nDificuldade: \nFácil\n\n\n\n\n\n\nAprenda a preparar bolo queijadinha\n\n\nO bolo queijadinha é uma opção perfeita para acompanhar naquela tarde com convidados e um bom café. Seu preparo simples irá te surpreender e seu sabor te encantar! Nada melhor do que uma receita simples e prática para aquele dia cansativo. Em suma, saiba \ncomo fazer bolo queijadinha \ne aproveite o melhor!\n\n\n\n\n\n\n\n\n\n\n\n\n\n\n\n\n\n\n\n\n\n\n\n\nReceita de bolo queijadinha\n\n\n \n\n\n\n\n\n\nINGREDIENTES\n\n\n\n\n4 ovos\n1 pacote de queijo ralado\n1 pacote de coco ralado\n2 xícaras (chá) de leite\n2 xícaras (chá) de açúcar\n2 colheres (sopa) de farinha de trigo\n1 colher (sopa) de margarina\n \n\n\nMODO DE PREPARO\n\n\n\n\n1. Coloque todos os ingredientes no liquidificador e bata até obter uma mistura homogênea.\n2. Despeje em uma forma com 20 cm de diâmetro untada e leve ao forno, preaquecido, em temperatura média, por 30 minutos ou até ficar bem dourado. Desenforme morno e sirva frio.\n \n\n\n\n\n\n\n\n\n\n\n\n\nVeja Também\n\n\n\n\n\n\n\n\n\n\n\n\n \n\n\n\n\nMolho para hambúrguer\n\n\n\n\n\n\n\n\n\n\n\n\n\n\n\n\n \n\n\n\n\nFraldinha assada\n\n\n\n\n\n\n\n\n\n\n\n\n\n\n\n\n \n\n\n\n\nMassa de panqueca sem ovo\n\n\n\n\n\n\n\n\n\n\n\n\n\n\n\n\n \n\n\n\n\nReceita deliciosa de recheio de ovo de páscoa\n\n\n\n\n\n\n\n\n\n\n\n\n\n\n\n\n \n\n\n\n\nBolinho de vinagre\n\n\n\n\n\n\n\n\n\n\n\n\n\n\n\n\n \n\n\n\n\nCarne seca desfiada com aipim frito em 30 minutos",
    "data": "2020-02-08T21:47:18+00:00",
    "tempo_preparo": "Até 1 hora",
    "dificuldade": "Fácil",
    "ingredientes": "4 ovos 1 pacote de queijo ralado 1 pacote de coco ralado 2 xícaras (chá) de leite 2 xícaras (chá) de açúcar 2 colheres (sopa) de farinha de trigo 1 colher (sopa) de margarina"
}