{
    "url": "https://www.receitadahora.com/bolos/bolo-de-banana-simples/",
    "titulo": "Bolo de banana simples - Receita da Hora",
    "descricao": "Saiba como fazer Bolo de banana simples. Uma receita de Bolos simples, fácil e muito gostosa. Acesse o nosso site e aprenda hoje mesmo diversas receitas.",
    "texto": "Bolo de banana simples\n\n\n\n\nCOMPARTILHE\n \n\n\n\n\n\n\n\n\n\n\n\n\n\n\n\n\n\n\nTempo de preparo: \nAté 1 hora\nServe: \nAté 10 porções\nDificuldade: \nfácil\n\n\n\n\n\n\nAprenda a fazer bolo de banana simples\n\n\nQue tal ter um café da tarde super delicioso com um \nbolo de banana simples\n de fazer e que fica simplesmente sensacional? Se sua resposta for sim essa é a receita perfeita para você. Esse \nbolo de banana simples\n é a escolha perfeita para os amantes de bolo. Com sua massa super fofinha e seu sabor inigualável esse \nbolo de banana\n é simplesmente perfeito. Além disso esse bolo é super pratico de ser feito e fica pronto em poucos minutos, qualquer um pode fazer.\n\n\n\n\n\n\n\n\n\n\n\n\n\n\n\n\n\n\n\n\n\n\n\n\nBolo de banana simples\n\n\nE esse bolo além de tudo ainda pode ser servido como uma sobremesa pois seu sabor é delicioso e ele gelado fica ainda mais gostoso, com certeza todos vão se apaixonar.\n\n\n\n\n\n\n\n\n\n\n\n\n\n\n \n\n\n\n\n\n\nINGREDIENTES\n\n\n\n\n2 ovos\n2 xícaras de farinha de trigo\n2 bananas\n1 xícara de açucar\n1 colher cheia de manteiga\n1 xícara de leite\n1 colher de fermento\n \n\n\nMODO DE PREPARO\n\n\n\n\nColoque os ovos, farinha de trigo, açúcar, leite, fermento e a manteiga no liquidificador.\nDeixe batendo por 2 minutos, enquanto isso corte as bananas em rodelas pequenas.\nLogo a seguir passe manteiga na forma, não é necessário a farinha de trigo, depois despeje a massa que está no liquidificador dentro da forma.\nLogo após acrescente as rodelas de banana em cima da massa e leve ao forno por 40 minutos.\n \n\n\t\t\t\t\t\t\tEsse bolo de banana fica simplesmente maravilhoso, e além dele aqui no receita da hora nós temos maravilhosas\n receitas de bolo\n que com certeza você vai amar.\t\t\t\t\n\n\n\n\n\n\n\n\n\n\nVeja Também\n\n\n\n\n\n\n\n\n\n\n\n\n \n\n\n\n\nSalada de lentilha\n\n\n\n\n\n\n\n\n\n\n\n\n\n\n\n\n \n\n\n\n\nMolho de tomate caseiro – Delicioso!\n\n\n\n\n\n\n\n\n\n\n\n\n\n\n\n\n \n\n\n\n\nLasanha com massa de pastel\n\n\n\n\n\n\n\n\n\n\n\n\n\n\n\n\n \n\n\n\n\nBanoffe receita tradicional e simples\n\n\n\n\n\n\n\n\n\n\n\n\n\n\n\n\n \n\n\n\n\nO melhor pave de fim de ano\n\n\n\n\n\n\n\n\n\n\n\n\n\n\n\n\n \n\n\n\n\nBolo de cenoura",
    "data": "2019-11-13T02:36:29+00:00",
    "tempo_preparo": "Até 1 hora",
    "dificuldade": "fácil",
    "ingredientes": "2 ovos 2 xícaras de farinha de trigo 2 bananas 1 xícara de açucar 1 colher cheia de manteiga 1 xícara de leite 1 colher de fermento"
}