{
    "url": "https://www.receitadahora.com/bolos/bolo-de-fuba-cremoso-delicioso/",
    "titulo": "Bolo de fubá cremoso delicioso - Receita da Hora",
    "descricao": "Saiba como fazer Bolo de fubá cremoso delicioso. Uma receita de Bolos simples, fácil e muito gostosa. Acesse o nosso site e aprenda hoje mesmo diversas receitas.",
    "texto": "Bolo de fubá cremoso delicioso\n\n\n\n\nCOMPARTILHE\n \n\n\n\n\n\n\n\n\n\n\n\n\n\n\n\n\n\n\nTempo de preparo: \nAté 1 hora\nServe: \nAté 10 porções\nDificuldade: \nmédia\n\n\n\n\n\n\nAprenda a preparar bolo de fubá cremoso\n\n\nQue tal fazer um bolo delicioso para tomar aquele café da tarde junto com um amigo? Essa receita de \nbolo de fubá cremoso\n é com certeza a melhor escolha. Esse \nbolo de fubá cremoso\n é com certeza o melhor que você já experimentou. O melhor de tudo é que esse \nbolo de fubá cremoso\n é muito simples de ser feito e você pode fazer a qualquer momento. Esse bolo é perfeito para tomar junto com um café coado na hora fica simplesmente delicioso com certeza todos vão amar.\n\n\n\n\n\n\n\n\n\n\n\n\n\n\n\n\n\n\n\n\n\n\n\n\nBolo de fubá cremoso\n\n\n \n\n\n\n\n\n\nINGREDIENTES\n\n\n\n\n1 xícara e meia de fubá\n1 colher de fermento em pó\n2 colheres de farinha de trigo\n2 colheres de margarina\n3 xícaras de açúcar\n4 xícaras de leite\n4 ovos\n100 g de queijo ralado\n \n\n\nMODO DE PREPARO\n\n\n\n\nColoque tudo no liquidificador e bata\nPor alguns segundos coloque em forma untada e polvilhada com farinha de trigo\nAsse em forno quente por 30 a 40 minutos\nQuando for tirar do forno observe se ele está corado, pois ele fica meio mole\nMas só sirva bem frio\n \n\n\t\t\t\t\t\t\tGostou dessa receita? Então vai dar uma olhada nas nossas \nreceitas de bolo\n! Temos uma variedade muito grande de receitas que com certeza vocês vão adorar.\t\t\t\t\n\n\n\n\n\n\n\n\n\n\nVeja Também\n\n\n\n\n\n\n\n\n\n\n\n\n \n\n\n\n\nComo armazenar pastel para vender\n\n\n\n\n\n\n\n\n\n\n\n\n\n\n\n\n \n\n\n\n\nMolho branco com queijo fácil\n\n\n\n\n\n\n\n\n\n\n\n\n\n\n\n\n \n\n\n\n\nTomate seco\n\n\n\n\n\n\n\n\n\n\n\n\n\n\n\n\n \n\n\n\n\nChantili cremoso de chocolate\n\n\n\n\n\n\n\n\n\n\n\n\n\n\n\n\n \n\n\n\n\nReceita de carne moida com legumes\n\n\n\n\n\n\n\n\n\n\n\n\n\n\n\n\n \n\n\n\n\nDeliciosa receita de cerveja artesanal",
    "data": "2020-01-17T00:44:23+00:00",
    "tempo_preparo": "Até 1 hora",
    "dificuldade": "média",
    "ingredientes": "1 xícara e meia de fubá 1 colher de fermento em pó 2 colheres de farinha de trigo 2 colheres de margarina 3 xícaras de açúcar 4 xícaras de leite 4 ovos 100 g de queijo ralado"
}