{
    "url": "https://www.receitadahora.com/bolos/bolo-salgado-no-pote-para-vender/",
    "titulo": "Bolo salgado no pote para vender - Receita da Hora",
    "descricao": "Saiba como fazer Bolo salgado no pote para vender. Uma receita de Bolos simples, fácil e muito gostosa. Acesse o nosso site e aprenda hoje mesmo diversas receitas.",
    "texto": "Bolo salgado no pote para vender\n\n\n\n\nCOMPARTILHE\n \n\n\n\n\n\n\n\n\n\n\n\n\n\n\n\n\n\n\nTempo de preparo: \nAté 1 hora\nServe: \nMais de 10 porções\nDificuldade: \nfácil\n\n\n\n\n\n\nAprenda a prepara bolo salgado no pote\n\n\nQue tal comer um lanchinho simplesmente delicioso e até mesmo ganhar uma renda extra gastando pouco? Essa receita de \nbolo salgado no pote\n é perfeita. Esse \nbolo salgado no pote\nalém de ser delicioso é muito simples de ser feito e você pode comer em qualquer momento. Você pode fazer simplesmente para comer com durante o dia, essa receita também é deliciosa para fazer para festinhas de aniversário, ou para vender. Essa receita surpreende com o sabor que é inigualável e claro com sua facilidade além de que você pode usar o recheio de sua preferência nesse \nbolo salgado no pote\n deixando ele ainda mais gostoso.\n\n\n\n\n\n\n\n\n\n\n\n\n\n\n\n\n\n\n\n\n\n\n\n\nBolo salgado no pote\n\n\n \n\n\n\n\n\n\nINGREDIENTES\n\n\n\n\n1/2 xícara de chá de creme de leite\n1 cebola picada\n1 tomate picado\n1 lata de milho verde escorrido\n1 cenoura ralada\n1 pacote de pão de forma sem casca (350g)\n1 xícara de chá de creme de leite\n2 colheres de sopa de manteiga\n3 xícaras de chá de peito de frango cozido e desfiado\n600g de batata cozida e amassada\nBatata palha e tomates-cerejas para decorar\nSal e cheiro-verde picado a gosto\n \n\n\nMODO DE PREPARO\n\n\n\n\nPara o purê, aqueça uma panela com a manteiga, em fogo médio, adicione a batata, o creme de leite, sal e cozinhe, mexendo até ficar homogêneo. Reserve.\nE outra panela frite a cebola, adicione o frango, o tomate e refogue por 3 minutos. Acrescente o milho, a cenoura, sal, cheiro-verde e refogue por mais 5 minutos. Desligue e deixe esfriar.\nEm potinho do tamanho que desejar coloque uma camada de pão de fôrma, uma de purê e uma de refogado de frango cremoso. Intercale as camadas até acabarem os ingredientes, terminando com o purê, por cima coloque tomates picados, batata palha e azeitonas para decorar.\nTampe e leve à geladeira por 1 hora.\n \n\n\t\t\t\t\t\t\tEsse bolo salgado no pote é simples e rápido perfeito para preparar naquele dia que está aquela correria e até mesmo para vender e tirar uma renda extra o melhor de tudo fica perfeito. Além dessa receita temos deliciosas \nreceitas de torta\n que com certeza vão te deixar com água na boca.\t\t\t\t\n\n\n\n\n\n\n\n\n\n\nVeja Também\n\n\n\n\n\n\n\n\n\n\n\n\n \n\n\n\n\nPatê de alho com creme de leite cremoso\n\n\n\n\n\n\n\n\n\n\n\n\n\n\n\n\n \n\n\n\n\nTorta de liquidificador de frango em 60 minutos\n\n\n\n\n\n\n\n\n\n\n\n\n\n\n\n\n \n\n\n\n\nO melhor bolo de cenoura fofinho e delicioso\n\n\n\n\n\n\n\n\n\n\n\n\n\n\n\n\n \n\n\n\n\nReceita de torta de frango de liquidificador\n\n\n\n\n\n\n\n\n\n\n\n\n\n\n\n\n \n\n\n\n\nA melhor bala baiana\n\n\n\n\n\n\n\n\n\n\n\n\n\n\n\n\n \n\n\n\n\nEsfirra de carne fechada",
    "data": "2020-01-13T21:25:39+00:00",
    "tempo_preparo": "Até 1 hora",
    "dificuldade": "fácil",
    "ingredientes": "1/2 xícara de chá de creme de leite 1 cebola picada 1 tomate picado 1 lata de milho verde escorrido 1 cenoura ralada 1 pacote de pão de forma sem casca (350g) 1 xícara de chá de creme de leite 2 colheres de sopa de manteiga 3 xícaras de chá de peito de frango cozido e desfiado 600g de batata cozida e amassada Batata palha e tomates-cerejas para decorar Sal e cheiro-verde picado a gosto"
}