{
    "url": "https://www.receitadahora.com/bolos/bolo-de-fuba-com-coco-de-liquidificador-delicioso/",
    "titulo": "Bolo de fubá com coco de liquidificador delicioso - Receita da Hora",
    "descricao": "Saiba como fazer Bolo de fubá com coco de liquidificador delicioso. Uma receita de Bolos simples, fácil e muito gostosa. Acesse o nosso site e aprenda hoje mesmo diversas receitas.",
    "texto": "Bolo de fubá com coco de liquidificador delicioso\n\n\n\n\nCOMPARTILHE\n \n\n\n\n\n\n\n\n\n\n\n\n\n\n\n\n\n\n\nTempo de preparo: \nAté 1 hora\nServe: \nAté 10 porções\nDificuldade: \nfácil\n\n\n\n\n\n\nSaiba como preparar bolo de fubá com coco de liquidificador\n\n\nQue tal fazer um bolo delicioso para tomar aquele café da tarde junto com um amigo? Essa receita de \nbolo de fubá com coco de liquidificador\n é com certeza a melhor escolha. Esse \nbolo de fubá com coco de liquidificador\n é com certeza o melhor que você já experimentou. O melhor de tudo é que esse \nbolo de fubá com coco de liquidificador\n é muito simples de ser feito e você pode fazer a qualquer momento. Esse bolo é perfeito para tomar junto com um café coado na hora fica simplesmente delicioso com certeza deixará seu café da tarde ainda melhor.\n\n\n\n\n\n\n\n\n\n\n\n\n\n\n\n\n\n\n\n\n\n\n\n\nBolo de fubá com coco de liquidificador\n\n\n \n\n\n\n\n\n\nINGREDIENTES\n\n\n\n\n1 xícara de chá de açúcar\n1 colher de sopa de fermento em pó\n1 1/2 xícaras de chá de leite\n2 xícaras de chá de fubá mimoso\n2 colheres de sopa de farinha de trigo\n3 colheres de margarina derretida\n4 ovos\n50 g de coco ralado\n \n\n\nMODO DE PREPARO\n\n\n\n\nBata as claras em neve e reserve.\nEm uma batedeira bata as gemas, o açúcar e a margarina derretida, até virar um creme.\nAdicione o leite, o fubá, a farinha de trigo, o coco ralado e o fermento.\nBata bem, por último acrescente as claras em neve, misturando com uma colher bem devagar.\nUnte a forma com margarina e polvilhe farinha de trigo.\nAsse o bolo em fogo baixo por aproximadamente 45 minutos.\n \n\n\t\t\t\t\t\t\tGostou dessa receita? Então vai dar uma olhada nas nossas \nreceitas de bolo\n! Temos uma variedade muito grande de receitas que com certeza vocês vão adorar.\t\t\t\t\n\n\n\n\n\n\n\n\n\n\nVeja Também\n\n\n\n\n\n\n\n\n\n\n\n\n \n\n\n\n\nPipoca doce colorida\n\n\n\n\n\n\n\n\n\n\n\n\n\n\n\n\n \n\n\n\n\nCanjica branca\n\n\n\n\n\n\n\n\n\n\n\n\n\n\n\n\n \n\n\n\n\nMoqueca de pintado delicioso\n\n\n\n\n\n\n\n\n\n\n\n\n\n\n\n\n \n\n\n\n\nMelhor receita de macarronada\n\n\n\n\n\n\n\n\n\n\n\n\n\n\n\n\n \n\n\n\n\nCarne de panela com batatas\n\n\n\n\n\n\n\n\n\n\n\n\n\n\n\n\n \n\n\n\n\nBolo de abóbora",
    "data": "2019-12-11T16:51:10+00:00",
    "tempo_preparo": "Até 1 hora",
    "dificuldade": "fácil",
    "ingredientes": "1 xícara de chá de açúcar 1 colher de sopa de fermento em pó 1 1/2 xícaras de chá de leite 2 xícaras de chá de fubá mimoso 2 colheres de sopa de farinha de trigo 3 colheres de margarina derretida 4 ovos 50 g de coco ralado"
}