{
    "url": "https://www.receitadahora.com/bolos/bolo-de-flocao/",
    "titulo": "Bolo de flocão - Receita da Hora",
    "descricao": "Saiba como fazer Bolo de flocão. Uma receita de Bolos simples, fácil e muito gostosa. Acesse o nosso site e aprenda hoje mesmo diversas receitas.",
    "texto": "Bolo de flocão\n\n\n\n\nCOMPARTILHE\n \n\n\n\n\n\n\n\n\n\n\n\n\n\n\n\n\n\n\nTempo de preparo: \nAté 1 hora\nServe: \nAté 10 porções\nDificuldade: \nfácil\n\n\n\n\n\n\nAprenda a fazer bolo de flocão\n\n\nQue tal fazer um bolo delicioso para tomar aquele café da tarde junto com um amigo? Essa receita de \nbolo de flocão\n é com certeza a melhor escolha. Esse \nbolo de flocão\n é com certeza o melhor que você já experimentou. O melhor de tudo é que esse \nbolo de flocão\n é muito simples de ser feito e você pode fazer a qualquer momento. Esse bolo é perfeito para tomar junto com um café coado na hora fica simplesmente maravilhoso.\n\n\n\n\n\n\n\n\n\n\n\n\n\n\n\n\n\n\n\n\n\n\n\n\nBolo de flocão\n\n\n \n\n\n\n\n\n\nINGREDIENTES\n\n\n\n\n4 ovos inteiros\n2 xícaras de açúcar\n1 xícara de chá de leite\n2 xícaras de chá de flocão de milho\n1/2 xícara de óleo\n1 xícara de chá de farinha de trigo\n1 colher de sopa de fermento em pó\n \n\n\nMODO DE PREPARO\n\n\n\n\nColoque no liquidificador todos os ingredientes, bata por 3 minutos.\nUnte uma forma redonda com buraco no meio com margarina e açúcar.\nAsse por 40 minutos.\n \n\n\t\t\t\t\t\t\tGostou dessa receita? Então vai dar uma olhada nas nossas \nreceitas de bolo\n! Temos uma variedade muito grande de receitas que com certeza vocês vão adorar.\t\t\t\t\n\n\n\n\n\n\n\n\n\n\nVeja Também\n\n\n\n\n\n\n\n\n\n\n\n\n \n\n\n\n\nAlmôndegas de frango\n\n\n\n\n\n\n\n\n\n\n\n\n\n\n\n\n \n\n\n\n\nTorta de limão facil em 3 passos\n\n\n\n\n\n\n\n\n\n\n\n\n\n\n\n\n \n\n\n\n\nQueijo caseiro com vinagre\n\n\n\n\n\n\n\n\n\n\n\n\n\n\n\n\n \n\n\n\n\nGeladinho de leite ninho com morango\n\n\n\n\n\n\n\n\n\n\n\n\n\n\n\n\n \n\n\n\n\nRecheio de ovomaltine para bolo delicioso\n\n\n\n\n\n\n\n\n\n\n\n\n\n\n\n\n \n\n\n\n\nTorta de bacalhau em 20 minutos",
    "data": "2019-11-26T23:53:48+00:00",
    "tempo_preparo": "Até 1 hora",
    "dificuldade": "fácil",
    "ingredientes": "4 ovos inteiros 2 xícaras de açúcar 1 xícara de chá de leite 2 xícaras de chá de flocão de milho 1/2 xícara de óleo 1 xícara de chá de farinha de trigo 1 colher de sopa de fermento em pó"
}