{
    "url": "https://www.receitadahora.com/bolos/bolo-pamonha-de-milho-verde-com-leite-condensado/",
    "titulo": "Bolo pamonha de milho verde com leite condensado - Receita da Hora",
    "descricao": "Saiba como fazer Bolo pamonha de milho verde com leite condensado. Uma receita de Bolos simples, fácil e muito gostosa. Acesse o nosso site e aprenda hoje mesmo diversas receitas.",
    "texto": "Bolo pamonha de milho verde com leite condensado\n\n\n\n\nCOMPARTILHE\n \n\n\n\n\n\n\n\n\n\n\n\n\n\n\n\n\n\n\nTempo de preparo: \nAté 1 hora\nServe: \nAté 10 porções\nDificuldade: \nfácil\n\n\n\n\n\n\nAprenda a fazer bolo pamonha de milho verde com leite condensado\n\n\nQue tal fazer um bolo delicioso para tomar aquele café da tarde? Essa receita de \nbolo pamonha de milho verde com leite condensado\n é com certeza a melhor escolha. Esse bolo pamonha de milho verde com leite condensado é com certeza o melhor que você já experimentou. O melhor de tudo é que esse bolo pamonha de milho verde com leite condensado é muito simples de ser feito e você pode fazer a qualquer momento. Esse bolo é perfeito para tomar junto com um café coado na hora fica simplesmente delicioso.\n\n\n\n\n\n\n\n\n\n\n\n\n\n\n\n\n\n\n\n\n\n\n\n\nBolo pamonha de milho verde com leite condensado\n\n\n \n\n\n\n\n\n\nINGREDIENTES\n\n\n\n\n1/2 xícara de chá de leite\n1 colher de sopa de fermento em pó\n1 caixinha de leite condensado\n2 colheres de margarina ou manteiga\n2 latas de milho ou 6 espigas de milho\n4 ovos\n \n\n\nMODO DE PREPARO\n\n\n\n\nColoque no liquidificador, os ovos, o leite, a margarina, o leite condensado e o milho.\nBata tudo por 3 minutinhos.\nDesligue o liquidificador, adicione o fermento e bata por 15 segundos.\nDespeje a mistura numa assadeira untada e enfarinhada.\nLeve ao forno médio preaquecido,  por cerca de 40 minutos ou até dourar.\nEspere esfriar, desenforme e sirva.\n \n\n\t\t\t\t\t\t\tEsse bolo é simples e rápido perfeito para preparar naquele dia que está aquela correria e o melhor de tudo fica perfeito. Além dessa receita temos deliciosas \nreceitas de torta\n que com certeza vão te deixar com água na boca.\t\t\t\t\n\n\n\n\n\n\n\n\n\n\nVeja Também\n\n\n\n\n\n\n\n\n\n\n\n\n \n\n\n\n\nTorta de limão facil em 3 passos\n\n\n\n\n\n\n\n\n\n\n\n\n\n\n\n\n \n\n\n\n\nMassa de empadão com margarina\n\n\n\n\n\n\n\n\n\n\n\n\n\n\n\n\n \n\n\n\n\nTorta de maçã em 40 minutos\n\n\n\n\n\n\n\n\n\n\n\n\n\n\n\n\n \n\n\n\n\nBolo de coco receita simples e prática\n\n\n\n\n\n\n\n\n\n\n\n\n\n\n\n\n \n\n\n\n\nGlacê real simples e delicioso para bolos\n\n\n\n\n\n\n\n\n\n\n\n\n\n\n\n\n \n\n\n\n\nComida arabe – Kibe assado",
    "data": "2020-02-17T15:38:00+00:00",
    "tempo_preparo": "Até 1 hora",
    "dificuldade": "fácil",
    "ingredientes": "1/2 xícara de chá de leite 1 colher de sopa de fermento em pó 1 caixinha de leite condensado 2 colheres de margarina ou manteiga 2 latas de milho ou 6 espigas de milho 4 ovos"
}