{
    "url": "https://www.receitadahora.com/bolos/bolo-bombom-gigante/",
    "titulo": "Bolo bombom gigante - Receita da Hora",
    "descricao": "Saiba como fazer Bolo bombom gigante. Uma receita de Bolos simples, fácil e muito gostosa. Acesse o nosso site e aprenda hoje mesmo diversas receitas.",
    "texto": "Bolo bombom gigante\n\n\n\n\nCOMPARTILHE\n \n\n\n\n\n\n\n\n\n\n\n\n\n\n\n\n\n\n\nTempo de preparo: \n60 minutos \nServe: \n7 porções\nDificuldade: \ndifícil\n\n\n\n\n\n\nSaiba como fazer bolo bombom gigante\n\n\nTodos adoram o famoso bombom, o chocolate com recheio também pode ser conhecido como trufa e é simplesmente uma delícia, então imagine um bombom gigante? Bom, uma receita de bolo um pouco diferente tem feito muito sucesso, ficou conhecida como bolo bombom gigante mistura a delicia do bolo junto com um bombom. Trouxemos uma receita de bolo bombom gigante simplesmente magnifica todo mundo vai amar.\n\n\n\n\n\n\n\n\n\n\n\n\n\n\n\n\n\n\n\n\n\n\n\n\nBolo bombom gigante\n\n\n \n\n\n\n\n\n\nINGREDIENTES\n\n\n\n\n1 Bolo pronto de chocolate\n300gr de chocolate derretido\n1 lata de leite condensado\n5 colheres de sopa de leite em pó\n1 caixa de morangos picados\n1 colher de sobremesa de margarina\n1 forma de 25 cm redonda de descartável\n \n\n\nMODO DE PREPARO\n\n\n\n\nFaça uma casca e chocolate com a forma descartável, coloque o chocolate derretido espalhe por toda a forma e escorra, como faz com trufas.\nApós endurecer corte o bolo ao meio e coloque  dentro da casca de chocolate.\nPara fazer o recheio coloque todos ingredientes menos os morangos ao fogo e mexa até estar em ponto de brigadeiro.\nDesligue o fogo, corte os morangos em pedacinhos e misture com o recheio.\nColoque todo o recheio já gelado dentro da casca de chocolate, e por ultimo coloque a outra parte do bolo por baixo.\nEspere gelas e desenforme o bolo e pode servir.\n \n\n\nDicas para você:\n\r\n\r\nVocê pode usar outros sabores de bolo para fazer seu bolo bombom gigante. E uma super dica para na hora de servir não desmanchar seu bolo bombom é usar uma faca aquecida para cortar.\t\t\t\t\n\n\n\n\n\n\n\n\n\n\nVeja Também\n\n\n\n\n\n\n\n\n\n\n\n\n \n\n\n\n\nReceita de bolo de caneca prático e delicioso\n\n\n\n\n\n\n\n\n\n\n\n\n\n\n\n\n \n\n\n\n\nPudim na panela de arroz\n\n\n\n\n\n\n\n\n\n\n\n\n\n\n\n\n \n\n\n\n\nReceita de maçã do amor prática\n\n\n\n\n\n\n\n\n\n\n\n\n\n\n\n\n \n\n\n\n\nTorta de bis em 5 passos\n\n\n\n\n\n\n\n\n\n\n\n\n\n\n\n\n \n\n\n\n\nTradicional bolo de laranja\n\n\n\n\n\n\n\n\n\n\n\n\n\n\n\n\n \n\n\n\n\nCuscuz doce de tapioca",
    "data": "2019-10-28T22:25:42+00:00",
    "tempo_preparo": "60 minutos",
    "dificuldade": "difícil",
    "ingredientes": "1 Bolo pronto de chocolate 300gr de chocolate derretido 1 lata de leite condensado 5 colheres de sopa de leite em pó 1 caixa de morangos picados 1 colher de sobremesa de margarina 1 forma de 25 cm redonda de descartável"
}