{
    "url": "https://www.receitadahora.com/bolos/bolo-de-fuba-fofinho/",
    "titulo": "Bolo de fubá fofinho - Receita da Hora",
    "descricao": "Saiba como fazer Bolo de fubá fofinho. Uma receita de Bolos simples, fácil e muito gostosa. Acesse o nosso site e aprenda hoje mesmo diversas receitas.",
    "texto": "Bolo de fubá fofinho\n\n\n\n\nCOMPARTILHE\n \n\n\n\n\n\n\n\n\n\n\n\n\n\n\n\n\n\n\nTempo de preparo: \n40 minutos\nServe: \n30 porções\nDificuldade: \nfácil\n\n\n\n\n\n\nVeja como fazer bolo de fubá fofinho\n\n\nAlém de ser um ótimo café da tarde o bolo de fubá também é um prato muito presente nas festas juninas. O bolo de fubá é um bolo delicioso que todos adoram e o bolo de fubá cai muito bem com um café, e a receita de \nbolo\n de fubá que trouxemos hoje para vocês é de uma massa fofinha que vai te conquistar.\n\n\n\n\n\n\n\n\n\n\n\n\n\n\n\n\n\n\n\n\n\n\n\n\nBolo de fubá fofinho\n\n\n \n\n\n\n\n\n\nINGREDIENTES\n\n\n\n\n3 ovos \n2 xícaras de chá de açúcar\n3 colheres de sopa de farinha de trigo\n1/2 copo americano de óleo\n1 copo americano de leite\n1 colher de sopa de fermento em pó\n \n\n\nMODO DE PREPARO\n\n\n\n\nBata as claras em neve, e reserve.\nAdicione o resto dos ingredientes menos o fermento e bata em uma batedeira até obter uma massa homogênea.\nAdicione o fermento e misture aos poucos.\nPor fim adicione as claras em neve e mexa com uma colher levemente até  se misturar.\nAsse a massa em uma forma untada, em forno médio, preaquecido por cerca de 40 minutos.\n \n\n\t\t\t\t\t\t\tUma dica para o seu bolo de fubá ficar ainda mais delicioso é utilizar erva doce na massa, basta colocar uma colher de chá de erva doce e seu bolo de fubá ficará ainda mais gostoso.\t\t\t\t\n\n\n\n\n\n\n\n\n\n\nVeja Também\n\n\n\n\n\n\n\n\n\n\n\n\n \n\n\n\n\nReceita de massa de panqueca simples\n\n\n\n\n\n\n\n\n\n\n\n\n\n\n\n\n \n\n\n\n\nO melhor quindim de liquidificador\n\n\n\n\n\n\n\n\n\n\n\n\n\n\n\n\n \n\n\n\n\nReceita de amendoim doce simples\n\n\n\n\n\n\n\n\n\n\n\n\n\n\n\n\n \n\n\n\n\nFrango empanado para toda a família\n\n\n\n\n\n\n\n\n\n\n\n\n\n\n\n\n \n\n\n\n\nPurê de batata doce clássico\n\n\n\n\n\n\n\n\n\n\n\n\n\n\n\n\n \n\n\n\n\nBolo salgado de pão de forma",
    "data": "2019-10-25T13:24:37+00:00",
    "tempo_preparo": "40 minutos",
    "dificuldade": "fácil",
    "ingredientes": "3 ovos  2 xícaras de chá de açúcar 3 colheres de sopa de farinha de trigo 1/2 copo americano de óleo 1 copo americano de leite 1 colher de sopa de fermento em pó"
}