{
    "url": "https://www.receitadahora.com/bolos/bolo-de-fuba-na-batedeira/",
    "titulo": "Bolo de fubá na batedeira - Receita da Hora",
    "descricao": "Saiba como fazer Bolo de fubá na batedeira. Uma receita de Bolos simples, fácil e muito gostosa. Acesse o nosso site e aprenda hoje mesmo diversas receitas.",
    "texto": "Bolo de fubá na batedeira\n\n\n\n\nCOMPARTILHE\n \n\n\n\n\n\n\n\n\n\n\n\n\n\n\n\n\n\n\nTempo de preparo: \nRapidinho\nServe: \nAté 10 porções\nDificuldade: \nfácil\n\n\n\n\n\n\nAprenda a fazer bolo de fubá na batedeira\n\n\nQue tal fazer um bolo delicioso para tomar aquele café da tarde junto com um amigo? Essa receita de bolo de limão é com certeza a melhor escolha. Esse \nbolo de fubá na batedeira \n é com certeza o melhor que você já experimentou. O melhor de tudo é que esse \nbolo de fubá na batedeira\n é muito simples de ser feito e você pode fazer a qualquer momento. Esse bolo é perfeito para tomar junto com um café coado na hora fica simplesmente perfeito.\n\n\n\n\n\n\n\n\n\n\n\n\n\n\n\n\n\n\n\n\n\n\n\n\nBolo de fubá na batedeira\n\n\n \n\n\n\n\n\n\nINGREDIENTES\n\n\n\n\n1 xícara de chá de leite\n2 xícaras de açúcar\n3 ovos claras separadas\n1 xícara de fubá \n1/2 xícara de chá de óleo\n2 xícaras de chá de farinha de trigo\n1 colher de sopa de fermento em pó\nRaspas de 1 limão\n \n\n\nMODO DE PREPARO\n\n\n\n\nColoque na batedeira o açúcar, as gemas e o óleo bata bem.\nJunte o leite, adicione o fubá e a farinha de trigo peneirados.\nColoque as claras em neve e por último o fermento e as raspas de limão.\nColoque em forma de anel untada e polvilhada.\nAsse em forno médio, preaquecido por aproximadamente 40 minutos ou até dourar.\n \n\n\t\t\t\t\t\t\tEsse prato é simples e rápido perfeito para preparar naquele dia que está aquela correria e o melhor de tudo fica perfeito. Além dessa receita temos deliciosas \nreceitas de torta\n que com certeza vão te deixar com água na boca.\t\t\t\t\n\n\n\n\n\n\n\n\n\n\nVeja Também\n\n\n\n\n\n\n\n\n\n\n\n\n \n\n\n\n\nTempero caseiro para frango\n\n\n\n\n\n\n\n\n\n\n\n\n\n\n\n\n \n\n\n\n\nDoritos caseiro passo a passo\n\n\n\n\n\n\n\n\n\n\n\n\n\n\n\n\n \n\n\n\n\nTorta de espinafre saudável\n\n\n\n\n\n\n\n\n\n\n\n\n\n\n\n\n \n\n\n\n\nPudim de leite condensado\n\n\n\n\n\n\n\n\n\n\n\n\n\n\n\n\n \n\n\n\n\nCarne seca com abobora com 5 ingredientes\n\n\n\n\n\n\n\n\n\n\n\n\n\n\n\n\n \n\n\n\n\nA melhor sopa de lentilha",
    "data": "2019-11-26T16:32:54+00:00",
    "tempo_preparo": "Rapidinho",
    "dificuldade": "fácil",
    "ingredientes": "1 xícara de chá de leite 2 xícaras de açúcar 3 ovos claras separadas 1 xícara de fubá  1/2 xícara de chá de óleo 2 xícaras de chá de farinha de trigo 1 colher de sopa de fermento em pó Raspas de 1 limão"
}