{
    "url": "https://www.receitadahora.com/bolos/bolo-floresta-negra/",
    "titulo": "Bolo floresta negra - Receita da Hora",
    "descricao": "Saiba como fazer Bolo floresta negra. Uma receita de Bolos simples, fácil e muito gostosa. Acesse o nosso site e aprenda hoje mesmo diversas receitas.",
    "texto": "Bolo floresta negra\n\n\n\n\nCOMPARTILHE\n \n\n\n\n\n\n\n\n\n\n\n\n\n\n\n\n\n\n\nTempo de preparo: \n90 minutos\nServe: \n12 porções\nDificuldade: \ndifícil\n\n\n\n\n\n\nComo fazer bolo floresta negra\n\n\nO bolo floresta negra é um dos bolos mais pedidos principalmente em festas de aniversário. Esse bolo que tem sua base em chocolate e cerejas ganhou o mundo inteiro e é uma das receitas mais gostosas de bolo que existe. Mas de onde originou essa delicia? Bom, existe uma versão sobre a origem do floresta negra, em que esse bolo foi criado em 1915 pelo confeiteiro Josef Keller. Que teria servido o \nbolo\n pela primeira vez no Café Ahrend, em Bad Godesberg no oeste da Alemanha. E o nome do bolo teria se dado porque a cidade de origem fica a cerca de 450 Km da Floresta Negra.\n\n\n\n\n\n\n\n\n\n\n\n\n\n\n\n\n\n\n\n\n\n\n\n\nBom, independente de sua origem todos tem certeza de que o bolo floresta negra é uma delícia. Porém muitos acreditam que essa receita não é nada fácil de fazer, mas na verdade ela é bem simples. Separamos uma receita simples do bolo floresta negra que fica simplesmente deliciosa e irá conquistar seu coração.\n\n\n\n\n\n\n\n\n\n\n\n\n\n\nBolo floresta negra\n\n\n \n\n\n\n\n\n\nINGREDIENTES\n\n\n\n\nMassa:\n6 ovos\n1 xícara de chá de chocolate em pó\n2 xícaras de chá de açúcar\n3 xícaras de chá de farinha de trigo\n1 xícara de chá de óleo\n1 colher de sopa de fermento\n1 xícara de chá de água quente\nRecheio e cobertura:\n400 g de cereja em calda\nRaspas de chocolate para decorar \n1 litro de chantili\n \n\n\nMODO DE PREPARO\n\n\n\n\nMassa:\nBata a clara em neve e reserve.\nBata todos ingredientes menos o fermento e bata.\nPor ultimo misture o fermento e as claras em neve até incorporar.\nAsse em uma forma média untada em fogo médio, preaquecido por cerca de 40 minutos.\nRecheio e calda:\nPrepare o chantili, e divida-o em 2 partes, uma para o recheio e outra para cobertura.\nPique as cerejas e misture-as na parte do chantili do recheio.\nColoque na geladeira o chantili e deixe por alguns minutos.\nMontagem:\nCorte o bolo em 3 partes.\nUmedeça cada parte do bolo com a calda das cerejas.\nColoque o recheio nas duas partes.\nFeche as partes e depois adicione chantili da cobertura e enfeite com cerejas.\n \n\n\nDicas para você:\n\r\n\r\nSe você quiser fazer um bolo grande, bata uma massa de cada vez para que ela não fique pesada, e se a calda para umedecer o bolo acrescente água e groselha.\t\t\t\t\n\n\n\n\n\n\n\n\n\n\nVeja Também\n\n\n\n\n\n\n\n\n\n\n\n\n \n\n\n\n\nGlacê real simples e delicioso para bolos\n\n\n\n\n\n\n\n\n\n\n\n\n\n\n\n\n \n\n\n\n\nJujuba caseira super gostosa\n\n\n\n\n\n\n\n\n\n\n\n\n\n\n\n\n \n\n\n\n\nTabua de carne em 3 passos\n\n\n\n\n\n\n\n\n\n\n\n\n\n\n\n\n \n\n\n\n\nMaionese temperada para lanche deliciosa\n\n\n\n\n\n\n\n\n\n\n\n\n\n\n\n\n \n\n\n\n\nO melhor bombom com recheio de abacaxi\n\n\n\n\n\n\n\n\n\n\n\n\n\n\n\n\n \n\n\n\n\nCasadinho de goiaba",
    "data": "2019-10-30T03:08:20+00:00",
    "tempo_preparo": "90 minutos",
    "dificuldade": "difícil",
    "ingredientes": "Massa: 6 ovos 1 xícara de chá de chocolate em pó 2 xícaras de chá de açúcar 3 xícaras de chá de farinha de trigo 1 xícara de chá de óleo 1 colher de sopa de fermento 1 xícara de chá de água quente Recheio e cobertura: 400 g de cereja em calda Raspas de chocolate para decorar  1 litro de chantili"
}