{
    "url": "https://www.receitadahora.com/bolos/bolo-de-creme-de-leite/",
    "titulo": "Bolo de creme de leite - Receita da Hora",
    "descricao": "Saiba como fazer Bolo de creme de leite. Uma receita de Bolos simples, fácil e muito gostosa. Acesse o nosso site e aprenda hoje mesmo diversas receitas.",
    "texto": "Bolo de creme de leite\n\n\n\n\nCOMPARTILHE\n \n\n\n\n\n\n\n\n\n\n\n\n\n\n\n\n\n\n\nTempo de preparo: \nAté 1 hora\nServe: \nAté 10 porções\nDificuldade: \nfácil\n\n\n\n\n\n\nDescubra como fazer bolo de creme de leite\n\n\nQue tal fazer um \nbolo\n delicioso para tomar um café da tarde junto com os amigos? Bom, essa receita de\n bolo de creme de leite\n é com certeza a melhor opção para esse momento. Esse \nbolo de creme de leite\n é delicioso e muito simples de ser feito e o melhor de tudo é que ele tem um sabor diferente de tudo o que você já experimentou. Esse \nbolo de creme de leite\n é aquela mistura perfeita para tomar junto com um café quentinho, com certeza todos vão adorar.\n\n\n\n\n\n\n\n\n\n\n\n\n\n\n\n\n\n\n\n\n\n\n\n\nBolo de creme de leite\n\n\n \n\n\n\n\n\n\nINGREDIENTES\n\n\n\n\n5 ovos\n2 xícaras de chá de farinha de trigo\n2 xícaras de chá de açúcar\n1 colher de sopa de essência de baunilha\n1/2 xícara de chá de óleo\n1 caixinha de creme de leite\n1 colher de sopa de fermento químico em pó\n \n\n\nMODO DE PREPARO\n\n\n\n\nBater no liquidificador os ovos, o açúcar, o creme de leite, o óleo e a essencia de baunilha até ficar homogêneo.\nColoque a massa em uma tigela e acrescente a farinha de trigo e o fermento e misture.\nColoque numa forma de buraco no meio, untada e enfarinhada e leve ao forno médio, pré-aquecido, por uns 40 minutos, ou até que ao enfiar um palito, ele saia limpo.\nRetire do forno, deixe esfriar e desenforme e sirva em seguida.\n \n\n\t\t\t\t\t\t\tAlém desse maravilhoso bolo de creme de leite delicioso aqui no receita da hora temos muitas variedades de\n receitas de bolo\n que com certeza você vai adorar.\r\n\r\n\n \n\n\n\n\n\n\n\n\n\n\nVeja Também\n\n\n\n\n\n\n\n\n\n\n\n\n \n\n\n\n\nOmelete de forno super fácil\n\n\n\n\n\n\n\n\n\n\n\n\n\n\n\n\n \n\n\n\n\nBolinho de leite ninho fácil no microondas\n\n\n\n\n\n\n\n\n\n\n\n\n\n\n\n\n \n\n\n\n\nFricassê de Frango\n\n\n\n\n\n\n\n\n\n\n\n\n\n\n\n\n \n\n\n\n\nDelicioso caldo de frango muito prático\n\n\n\n\n\n\n\n\n\n\n\n\n\n\n\n\n \n\n\n\n\nDoce de goiaba caseiro\n\n\n\n\n\n\n\n\n\n\n\n\n\n\n\n\n \n\n\n\n\nBolo de chocolate simples e fofinho – O mais gostoso!",
    "data": "2019-11-21T17:44:19+00:00",
    "tempo_preparo": "Até 1 hora",
    "dificuldade": "fácil",
    "ingredientes": "5 ovos 2 xícaras de chá de farinha de trigo 2 xícaras de chá de açúcar 1 colher de sopa de essência de baunilha 1/2 xícara de chá de óleo 1 caixinha de creme de leite 1 colher de sopa de fermento químico em pó"
}