{
    "url": "https://www.receitadahora.com/bolos/bolo-de-milho-verde-de-liquidificador/",
    "titulo": "Bolo de milho verde de liquidificador - Receita da Hora",
    "descricao": "Saiba como fazer Bolo de milho verde de liquidificador. Uma receita de Bolos simples, fácil e muito gostosa. Acesse o nosso site e aprenda hoje mesmo diversas receitas.",
    "texto": "Bolo de milho verde de liquidificador\n\n\n\n\nCOMPARTILHE\n \n\n\n\n\n\n\n\n\n\n\n\n\n\n\n\n\n\n\nTempo de preparo: \n50 minutos\nServe: \n10 porções\nDificuldade: \nmédio\n\n\n\n\n\n\nSaiba como fazer Bolo de milho verde de liquidificador\n\n\nBolo de milho verde de liquidificador\n\n\nO bolo de milho é um ótimo acompanhamento para um café da manhã ou café da tarde, ele fica uma delicia com um cafezinho, e uma dica para seu bolo de milho ficar ainda mais gostoso é com ele ainda quente passar manteiga.\n\n\n\n\n\n\n\n\n\n\n\n\n\n\n\n\n\n\n\n\n\n\n\n\n \n\n\n\n\n\n\nINGREDIENTES\n\n\n\n\n1 lata de milho sem o líquido\n1 lata de leite (a mesma medida da lata de milho)\n1 lata de açucar (a mesma medida da lata de milho)\n1 lata de flocão de milho\n1/2 de óleo de soja\n1 colher de sopa de fermento em pó\nmargarina e farinha de trigo para untar\n \n\n\nMODO DE PREPARO\n\n\n\n\npreaqueça o forno.\nunte a forma com margarina e trigo e reserve.\nRetire toda água do milho e coloque o milho ja escorrido no liquidificador, adicione todos os ingredientes menos o fermento e bata até que fique homogêneo.\nadicione o fermento e pulse o liquidificador pelo menos 3 vezes.\ndespeje a massa na forma e deixe assar por cerca de 40 minutos.\n \n\n\t\t\t\t\t\t\tUma dica para deixar seu bolo de milho ainda mais delicioso é adicionar coco ralado ou queijo ralado ou até mesmo os dois, deixará seu bolo de milho com um gostinho agridoce delicioso.\t\t\t\t\n\n\n\n\n\n\n\n\n\n\nVeja Também\n\n\n\n\n\n\n\n\n\n\n\n\n \n\n\n\n\nRecheio de leite ninho com chantili\n\n\n\n\n\n\n\n\n\n\n\n\n\n\n\n\n \n\n\n\n\nReceita de coxinha simples\n\n\n\n\n\n\n\n\n\n\n\n\n\n\n\n\n \n\n\n\n\nBolo cocada muito gostoso\n\n\n\n\n\n\n\n\n\n\n\n\n\n\n\n\n \n\n\n\n\nA melhor receita de cobertura de leite ninho\n\n\n\n\n\n\n\n\n\n\n\n\n\n\n\n\n \n\n\n\n\nBolo pega marido\n\n\n\n\n\n\n\n\n\n\n\n\n\n\n\n\n \n\n\n\n\nPamonha de liquidificador",
    "data": "2019-10-24T03:47:39+00:00",
    "tempo_preparo": "50 minutos",
    "dificuldade": "médio",
    "ingredientes": "1 lata de milho sem o líquido 1 lata de leite (a mesma medida da lata de milho) 1 lata de açucar (a mesma medida da lata de milho) 1 lata de flocão de milho 1/2 de óleo de soja 1 colher de sopa de fermento em pó margarina e farinha de trigo para untar"
}