{
    "url": "https://www.receitadahora.com/bolos/bolo-engorda-marido-simples/",
    "titulo": "Bolo engorda marido simples - Receita da Hora",
    "descricao": "Saiba como fazer Bolo engorda marido simples. Uma receita de Bolos simples, fácil e muito gostosa. Acesse o nosso site e aprenda hoje mesmo diversas receitas.",
    "texto": "Bolo engorda marido simples\n\n\n\n\nCOMPARTILHE\n \n\n\n\n\n\n\n\n\n\n\n\n\n\n\n\n\n\n\nTempo de preparo: \nAté 1 hora\nServe: \nMais de 10 porções\nDificuldade: \nFácil\n\n\n\n\n\n\nAprenda a preparar bolo engorda marido\n\n\nO bolo engorda marido é aquela receita prática e muito deliciosa de uma massa simples e que amamos. Aposte nessa receita e surpreenda-se com seu sabor e textura, encantando todos que provarem. Em suma, saiba \ncomo fazer bolo engorda marido \ne delicie-se!\n\n\n\n\n\n\n\n\n\n\n\n\n\n\n\n\n\n\n\n\n\n\n\n\nReceita de bolo engorda marido\n\n\n \n\n\n\n\n\n\nINGREDIENTES\n\n\n\n\n1 lata de leite condensado\n1 lata de leite (medir na lata de leite condensado)\n1 lata de leite de coco (a mesma medida)\n1 lata de farinha de trigo (a mesma medida)\n1/2 lata de açúcar (medir na lata de leite condensado)\n3 unidades de ovo\n3 colheres (sopa) de manteiga\n \n\n\nMODO DE PREPARO\n\n\n\n\n1. Bata bem todos os ingredientes no liquidificador. Coloque em uma forma untada e polvilha e leve ao forno médio até que fique dourado.\n \n\n\n\n\n\n\n\n\n\n\n\n\nVeja Também\n\n\n\n\n\n\n\n\n\n\n\n\n \n\n\n\n\nPão de mel para vender\n\n\n\n\n\n\n\n\n\n\n\n\n\n\n\n\n \n\n\n\n\nBolo de leite quente fofinho\n\n\n\n\n\n\n\n\n\n\n\n\n\n\n\n\n \n\n\n\n\nDeliciosa massa de pizza facil\n\n\n\n\n\n\n\n\n\n\n\n\n\n\n\n\n \n\n\n\n\nReceita de linguiça no forno prática\n\n\n\n\n\n\n\n\n\n\n\n\n\n\n\n\n \n\n\n\n\nSorvete simples e barato\n\n\n\n\n\n\n\n\n\n\n\n\n\n\n\n\n \n\n\n\n\nReceita de peru de natal",
    "data": "2020-02-11T01:10:55+00:00",
    "tempo_preparo": "Até 1 hora",
    "dificuldade": "Fácil",
    "ingredientes": "1 lata de leite condensado 1 lata de leite (medir na lata de leite condensado) 1 lata de leite de coco (a mesma medida) 1 lata de farinha de trigo (a mesma medida) 1/2 lata de açúcar (medir na lata de leite condensado) 3 unidades de ovo 3 colheres (sopa) de manteiga"
}