{
    "url": "https://www.receitadahora.com/bolos/bolo-vulcao-de-leite-ninho/",
    "titulo": "Bolo vulcão de leite ninho - Receita da Hora",
    "descricao": "Saiba como fazer Bolo vulcão de leite ninho. Uma receita de Bolos simples, fácil e muito gostosa. Acesse o nosso site e aprenda hoje mesmo diversas receitas.",
    "texto": "Bolo vulcão de leite ninho\n\n\n\n\nCOMPARTILHE\n \n\n\n\n\n\n\n\n\n\n\n\n\n\n\n\n\n\n\nTempo de preparo: \n115 minutos\nServe: \n10 porções\nDificuldade: \nfácil\n\n\n\n\n\n\nAprenda como fazer bolo vulcão de leite ninho\n\n\nTodo mundo adora bolo não é mesmo? Cada um co seu sabor favorito, mas é quase impossível alguém que não goste de nenhum bolo. Bom, o bolo nasceu no Egito Antigo, onde era preparado como pão adoçado com xaropes de frutas, tâmaras e passas. Então o bolo foi evoluindo e no  período renascentista, o bolo original  foi aperfeiçoado pelos romanos, que dominavam a técnica da fermentação, e é a receita que conhecemos hoje em dia. O nome bolo veio por conta do seu formato nas primeiras receitas isso porque ele era feito apenas no formato redondo, então o bolo vem do nome bola por conta do formato.\n\n\n\n\n\n\n\n\n\n\n\n\n\n\n\n\n\n\n\n\n\n\n\n\nBom, hoje em dia existe vários sabores de bolo e um dos favoritos é o \nbolo de leite ninho\n. Um bolo que vem fazendo muito sucesso são os bolos vulcões aqueles feitos em formas com furo no meio e super recheados com cobertura, e claro que o de leite ninho está no topo como predileto. Trouxemos uma receita de \nbolo vulcão de leite ninho\n que vocês vão simplesmente amar.\n\n\n\n\n\n\n\n\n\n\n\n\n\n\nBolo vulcão de leite ninho\n\n\n \n\n\n\n\n\n\nINGREDIENTES\n\n\n\n\nMassa:\n2 ovos\n2 xícaras de farinha de trigo\n1 e 1/2 xícara de açúcar\n1 xícara de água\n1 colher de fermento\n1/2 xícara de óleo\n4 colheres de leite ninho\nCobertura:\n6 colheres cheias de leite ninho\n1 caixa de leite condensado\n2 caixas de creme de leite\n2 colheres de amido de milho\n \n\n\nMODO DE PREPARO\n\n\n\n\nMassa:\nBata as claras em neve e reserve.\nAdicione o resto dos ingredientes a batedeira menos o fermento e bata.\nMisture o fermento e mexa com uma colher, depois adicione a  clara em neve e mexa até incorporar.\nAsse em uma forma com furo no meio em forno médio, preaquecido por cerca de 40 minutos.\nCobertura:\nColoque todos ingredientes em uma panela menos o creme de leite em fogo médio e mexa até chegar em ponto de brigadeiro.\nDesligue o fogo e adicione o creme de leite até incormporar.\nCom bolo já frio jogue a cobertura começando pelo buraco no meio até transbordar por toda superfície do bolo.\n \n\n\nDicas para você:\n\r\n\r\nVocê pode adicionar morangos  para enfeitar o bolo, ficará ainda mais gostoso.\t\t\t\t\n\n\n\n\n\n\n\n\n\n\nVeja Também\n\n\n\n\n\n\n\n\n\n\n\n\n \n\n\n\n\nPão de abóbora caseiro\n\n\n\n\n\n\n\n\n\n\n\n\n\n\n\n\n \n\n\n\n\nA melhor massa de esfiha caseira\n\n\n\n\n\n\n\n\n\n\n\n\n\n\n\n\n \n\n\n\n\nReceita de berinjela assada super simples\n\n\n\n\n\n\n\n\n\n\n\n\n\n\n\n\n \n\n\n\n\nReceita fácil de polenta frita\n\n\n\n\n\n\n\n\n\n\n\n\n\n\n\n\n \n\n\n\n\nCarne louca desfiada\n\n\n\n\n\n\n\n\n\n\n\n\n\n\n\n\n \n\n\n\n\nPudim que não vai ao forno",
    "data": "2019-10-29T15:06:15+00:00",
    "tempo_preparo": "115 minutos",
    "dificuldade": "fácil",
    "ingredientes": "Massa: 2 ovos 2 xícaras de farinha de trigo 1 e 1/2 xícara de açúcar 1 xícara de água 1 colher de fermento 1/2 xícara de óleo 4 colheres de leite ninho Cobertura: 6 colheres cheias de leite ninho 1 caixa de leite condensado 2 caixas de creme de leite 2 colheres de amido de milho"
}