{
    "url": "https://www.receitadahora.com/bolos/bolo-de-canela/",
    "titulo": "Bolo de canela - Receita da Hora",
    "descricao": "Saiba como fazer Bolo de canela. Uma receita de Bolos simples, fácil e muito gostosa. Acesse o nosso site e aprenda hoje mesmo diversas receitas.",
    "texto": "Bolo de canela\n\n\n\n\nCOMPARTILHE\n \n\n\n\n\n\n\n\n\n\n\n\n\n\n\n\n\n\n\nTempo de preparo: \nAté 1 hora\nServe: \nMais de 10 porções\nDificuldade: \nfácil\n\n\n\n\n\n\nAprenda a fazer bolo de canela\n\n\nO \nbolo de canela\n é um bolo delicioso porém muito pouco conhecido. Porém recentemente o \nbolo de canela\n ficou super conhecido por conta da novela “A dona do pedaço”, e o bolo da Maria da Paz começou a fazer muito sucesso. Esse bolo tão famoso é um \nbolo de canela\n delicioso, e essa receita que trouxemos para você com certeza é a melhor que você já experimentou. Essa é uma receita de bolo simples que é perfeito para tomar aquele café da tarde delicioso e claro que todos vão adorar.\n\n\n\n\n\n\n\n\n\n\n\n\n\n\n\n\n\n\n\n\n\n\n\n\nBolo de canela\n\n\nEssa receita é muito simples e pode ser servida apenas ela ou você pode fazer um recheio e uma cobertura, com certeza seu bolo ficará ainda mais delicioso.\n\n\n\n\n\n\n\n\n\n\n\n\n\n\n \n\n\n\n\n\n\nINGREDIENTES\n\n\n\n\n3 ovos\n1 xícara de chá de amido de milho\n1 xícara de chá de margarina\n2 xícaras de chá de farinha de trigo\n1 xícara de chá de açúcar\n1 xícara de chá de leite\n2 colheres de sopa de canela em pó \n1 colher de chá de sal\n1 colher de sopa de fermento em pó\n \n\n\nMODO DE PREPARO\n\n\n\n\nBata em creme a margarina com o açúcar.\nAdicione os ovos e misture bem.\nJunte os ingredientes secos, alternando com o leite.\nColoque na forma untada e polvilhada.\nLeve ao forno médio, por cerca de 40 minutos.\n \n\n\t\t\t\t\t\t\tPara seu bolo de canela ficar ainda mais delicioso, você pode polvilhar canela e açúcar em cima. Além dessa receita maravilhosa de bolo aqui no Receita da hora temos muitas outras \nreceitas de bolo\n simplesmente maravilhosas.\t\t\t\t\n\n\n\n\n\n\n\n\n\n\nVeja Também\n\n\n\n\n\n\n\n\n\n\n\n\n \n\n\n\n\nMassa de pizza profissional\n\n\n\n\n\n\n\n\n\n\n\n\n\n\n\n\n \n\n\n\n\nReceita fácil de recheio de leite condensado\n\n\n\n\n\n\n\n\n\n\n\n\n\n\n\n\n \n\n\n\n\nReceita de pão de ló com massa branca\n\n\n\n\n\n\n\n\n\n\n\n\n\n\n\n\n \n\n\n\n\nReceita de crepioca salgada com 2 ingredientes\n\n\n\n\n\n\n\n\n\n\n\n\n\n\n\n\n \n\n\n\n\nTempero para churrasco\n\n\n\n\n\n\n\n\n\n\n\n\n\n\n\n\n \n\n\n\n\nCupcake com brigadeiro – Delicioso!",
    "data": "2019-11-13T02:44:04+00:00",
    "tempo_preparo": "Até 1 hora",
    "dificuldade": "fácil",
    "ingredientes": "3 ovos 1 xícara de chá de amido de milho 1 xícara de chá de margarina 2 xícaras de chá de farinha de trigo 1 xícara de chá de açúcar 1 xícara de chá de leite 2 colheres de sopa de canela em pó  1 colher de chá de sal 1 colher de sopa de fermento em pó"
}