{
    "url": "https://www.receitadahora.com/bolos/bolo-de-iogurte-de-kefir-delicioso/",
    "titulo": "Bolo de iogurte de kefir delicioso - Receita da Hora",
    "descricao": "Saiba como fazer Bolo de iogurte de kefir delicioso. Uma receita de Bolos simples, fácil e muito gostosa. Acesse o nosso site e aprenda hoje mesmo diversas receitas.",
    "texto": "Bolo de iogurte de kefir delicioso\n\n\n\n\nCOMPARTILHE\n \n\n\n\n\n\n\n\n\n\n\n\n\n\n\n\n\n\n\nTempo de preparo: \nAté 1 hora\nServe: \nMais de 10 porções\nDificuldade: \nFácil\n\n\n\n\n\n\nAprenda a fazer bolo de iogurte de kefir\n\n\nKefir é uma bebida com substrato de leite. Perfeito para produção de iogurtes e derivados, essa receita de bolo de iogurte de kefir irá te surpreender e te fazer amar esse ingrediente inovador! Em suma, não perca mais tempo e aproveite essa delícia.\n\n\n\n\n\n\n\n\n\n\n\n\n\n\n\n\n\n\n\n\n\n\n\n\nReceita de bolo de iogurte kefir\n\n\n\n\n\n\n \n\n\n\n\n\n\nINGREDIENTES\n\n\n\n\n3 ovos\n1 xícara (chá) de azeite de oliva\n1 xícara (chá) de açúcar\n1 xícara (chá) de iogurte de kefir\n2 xícaras (chá) de farinha de trigo\n1/2 achocolatado\n1/2 xícara (chá) de chocolate em pó\n1 colher (sobremesa) de fermento em pó\n \n\n\nMODO DE PREPARO\n\n\n\n\n1. Bata os ovos com o azeite e o açúcar. \n2. Aos poucos, acrescente o iogurte, alternando com a farinha, o achocolatado e o chocolate, e misture até homogeneizar. Por fim, incorpore o fermento.\n3. Despeje em fôrma de cone central untada e enfarinhada e asse em forno médio preaquecido (180°C) por cerca de 40 minutos ou até firmar (faça o teste do palito).\n \n\n\t\t\t\t\t\t\t \r\n\n\n\n\n\n \n\n\n\n\n\n\n\n\n\n\nVeja Também\n\n\n\n\n\n\n\n\n\n\n\n\n \n\n\n\n\nTorta de sardinha em 6 passos\n\n\n\n\n\n\n\n\n\n\n\n\n\n\n\n\n \n\n\n\n\nMolho 4 queijos\n\n\n\n\n\n\n\n\n\n\n\n\n\n\n\n\n \n\n\n\n\nTempero lemon pepper caseiro\n\n\n\n\n\n\n\n\n\n\n\n\n\n\n\n\n \n\n\n\n\nPão de queijo com mussarela saboroso\n\n\n\n\n\n\n\n\n\n\n\n\n\n\n\n\n \n\n\n\n\nReceita de bolo simples e saboroso\n\n\n\n\n\n\n\n\n\n\n\n\n\n\n\n\n \n\n\n\n\nSorvete de liquidificador super cremoso",
    "data": "2019-12-14T23:07:23+00:00",
    "tempo_preparo": "Até 1 hora",
    "dificuldade": "Fácil",
    "ingredientes": "3 ovos 1 xícara (chá) de azeite de oliva 1 xícara (chá) de açúcar 1 xícara (chá) de iogurte de kefir 2 xícaras (chá) de farinha de trigo 1/2 achocolatado 1/2 xícara (chá) de chocolate em pó 1 colher (sobremesa) de fermento em pó"
}