{
    "url": "https://www.receitadahora.com/bolos/bolo-de-caneca-rapido/",
    "titulo": "Bolo de caneca em apenas 15 minutos - Receita da Hora",
    "descricao": "Saiba como fazer Bolo de caneca em apenas 15 minutos. Uma receita de Bolos simples, fácil e muito gostosa. Acesse o nosso site e aprenda hoje mesmo diversas receitas.",
    "texto": "Bolo de caneca em apenas 15 minutos\n\n\n\n\nCOMPARTILHE\n \n\n\n\n\n\n\n\n\n\n\n\n\n\n\n\n\n\n\nTempo de preparo: \nRapidinho\nServe: \nAté 2 porções\nDificuldade: \nFácil\n\n\n\n\n\n\nSaiba como fazer bolo\n\n\nO bolo é uma das primeiras receitas que aprendemos a fazer. Seu preparo varia de simples a mais complicado, mas sempre mantendo seu sabor maravilhoso. Das mais diversas\n receitas de bolo\n e recheios, aprenda\n como fazer bolo\n de forma simples e use a criatividade para se divertir ainda mais!\n\n\n\n\n\n\n\n\n\n\n\n\n\n\n\n\n\n\n\n\n\n\n\n\n\n\n\n\n\n\n\n\n\n\n\n\n\n\nIngredientes\n\n\n1 unidade de ovo pequeno\n\n3 colheres (sopa) de óleo\n\n6 colheres (sopa) de leite\n\n4 colheres (sopa) de açúcar\n\n3 colheres (sopa) de chocolate em pó\n\n4 colheres (sopa) de farinha de trigo\n\n1 colher (café) de fermento\n\n1 colher (chá) de manteiga\n\n\nModo de preparo\n\n\n1. Coloque o ovo na caneca e bata com um garfo. Adicione o óleo, o açúcar, 4 colheres (sopa) de leite e 2 colheres (sopa) rasas de chocolate em pó e mexa.\n\n2. Acrescente a farinha de trigo e o fermento, aos poucos, na massa. Em seguida, leve ao micro-ondas durante 3 minutos na potência máxima.\n\n\n\n\n\n\nCOBERTURA\n\n\n\n\n1. Na cobertura tradicional de chocolate junte 2 colheres (sopa) de leite, margarina e 1 colher (sopa) rasa de chocolate. Leve ao micro-ondas por 30 segundos, também na potência máxima. Despeje no bolo ainda quente e aprecie esta delícia!\n\n\n\n\n\n\n\n\n \n\n\n\n\n\n\n\t\t\t\t\t \r\n\n\n\n \n\n\n\n\n\n\n\n\n\n\nVeja Também\n\n\n\n\n\n\n\n\n\n\n\n\n \n\n\n\n\nA melhor e mais simples receita de quibe recheado\n\n\n\n\n\n\n\n\n\n\n\n\n\n\n\n\n \n\n\n\n\nTempero para churrasco\n\n\n\n\n\n\n\n\n\n\n\n\n\n\n\n\n \n\n\n\n\nMassa de pizza com 6 ingredientes\n\n\n\n\n\n\n\n\n\n\n\n\n\n\n\n\n \n\n\n\n\nMacarrão de forno fácil\n\n\n\n\n\n\n\n\n\n\n\n\n\n\n\n\n \n\n\n\n\nContra filé na manteiga com alecrim\n\n\n\n\n\n\n\n\n\n\n\n\n\n\n\n\n \n\n\n\n\nReceita de massa podre simples",
    "data": "2019-11-28T19:12:48+00:00",
    "tempo_preparo": "Rapidinho",
    "dificuldade": "Fácil",
    "ingredientes": null
}