{
    "url": "https://www.receitadahora.com/bolos/bolo-de-milho-fofinho/",
    "titulo": "Bolo de milho fofinho - Receita da Hora",
    "descricao": "Saiba como fazer Bolo de milho fofinho. Uma receita de Bolos simples, fácil e muito gostosa. Acesse o nosso site e aprenda hoje mesmo diversas receitas.",
    "texto": "Bolo de milho fofinho\n\n\n\n\nCOMPARTILHE\n \n\n\n\n\n\n\n\n\n\n\n\n\n\n\n\n\n\n\nTempo de preparo: \nAté 1 hora\nServe: \nAté 10 porções\nDificuldade: \nfácil\n\n\n\n\n\n\nAprenda a fazer bolo de milho fofinho\n\n\nQue tal fazer um bolo delicioso para tomar aquele café da tarde junto com um amigo? Essa receita de \nbolo de milho fofinho\n é com certeza a melhor escolha. Esse \nbolo de milho fofinho\n é com certeza o melhor que você já experimentou. O melhor de tudo é que esse \nbolo de milho fofinho\n é muito simples de ser feito e você pode fazer a qualquer momento. Esse bolo é o melhor para tomar junto com um café coado na hora fica simplesmente perfeito.\n\n\n\n\n\n\n\n\n\n\n\n\n\n\n\n\n\n\n\n\n\n\n\n\nBolo de milho fofinho\n\n\n \n\n\n\n\n\n\nINGREDIENTES\n\n\n\n\n3 ovos inteiros\n1 lata de milho \n1 lata de açúcar (use a lata de milho como medida)\n1 lata de milharina ou kimilho (use a lata de milho como medida)\n1/2 lata de óleo (use a lata de milho como medida)\n1 lata de leite (use a lata de milho como medida)\n1 colher sopa fermento em pó\n \n\n\nMODO DE PREPARO\n\n\n\n\nBater tudo no liquidificador.\nDespejar em forma untada e enfarinhada.\nLevar ao forno quente.\nAssar até dourar, 45 minutos.\n \n\n\t\t\t\t\t\t\tEsse prato é simples e rápido perfeito para preparar naquele dia que está aquela correria e o melhor de tudo fica perfeito. Além dessa receita temos deliciosas \nreceitas de torta\n que com certeza vão te deixar com água na boca.\t\t\t\t\n\n\n\n\n\n\n\n\n\n\nVeja Também\n\n\n\n\n\n\n\n\n\n\n\n\n \n\n\n\n\nMousse de maracujá\n\n\n\n\n\n\n\n\n\n\n\n\n\n\n\n\n \n\n\n\n\nGeladinho de paçoca delicioso\n\n\n\n\n\n\n\n\n\n\n\n\n\n\n\n\n \n\n\n\n\nPudim de banana\n\n\n\n\n\n\n\n\n\n\n\n\n\n\n\n\n \n\n\n\n\nCoce de banana em calda com 4 ingredientes\n\n\n\n\n\n\n\n\n\n\n\n\n\n\n\n\n \n\n\n\n\nLanche rápido de forno em poucos minutos\n\n\n\n\n\n\n\n\n\n\n\n\n\n\n\n\n \n\n\n\n\nEscondidinho de carne moída com batata",
    "data": "2019-11-25T23:34:14+00:00",
    "tempo_preparo": "Até 1 hora",
    "dificuldade": "fácil",
    "ingredientes": "3 ovos inteiros 1 lata de milho  1 lata de açúcar (use a lata de milho como medida) 1 lata de milharina ou kimilho (use a lata de milho como medida) 1/2 lata de óleo (use a lata de milho como medida) 1 lata de leite (use a lata de milho como medida) 1 colher sopa fermento em pó"
}