{
    "url": "https://www.receitadahora.com/bolos/bolo-de-tapioca/",
    "titulo": "O melhor bolo de tapioca - Receita da Hora",
    "descricao": "Saiba como fazer O melhor bolo de tapioca. Uma receita de Bolos simples, fácil e muito gostosa. Acesse o nosso site e aprenda hoje mesmo diversas receitas.",
    "texto": "O melhor bolo de tapioca\n\n\n\n\nCOMPARTILHE\n \n\n\n\n\n\n\n\n\n\n\n\n\n\n\n\n\n\n\nTempo de preparo: \n50 minutos\nServe: \n8 porções\nDificuldade: \nmédia\n\n\n\n\n\n\nSaiba como fazer bolo de tapioca\n\n\nEsse bolo de tapioca é delicioso e incrível. Além do sabor incrível esse bolo de tapioca é muito simples de fazer e pode ser servido como uma sobremesa gelada e com certeza qualquer um que experimentar vai amar. Esse bolo de tapioca é a melhor receita que você já comeu e com certeza todos que experimentarem vão pedir bis.\n\n\n\n\n\n\n\n\n\n\n\n\n\n\n\n\n\n\n\n\n\n\n\n\nO melhor bolo de tapioca\n\n\n \n\n\n\n\n\n\nINGREDIENTES\n\n\n\n\n4 ovos\n2 xícaras de chá de tapioca\n1/2 xícara de chá de coco fresco ralado\n2 xícaras de chá de açúcar\n150 g de manteiga em temperatura ambiente  \n5 e 1/2 xícaras de chá de leite\n \n\n\nMODO DE PREPARO\n\n\n\n\nEm uma tigela, misture a tapioca com o leite e deixe repousar por 1 hora.\nBata o coco ralado e o leite restante por 3 minutos no liquidificador\nColoque na batedeira os ovos, o açúcar e a manteiga e bata por 10 minutos, depois despeje a mistura de coco e bata.\nAdicione a tapioca e deixe descansar por 5 minutos. \nMisture bem, depois coloque em uma forma com furo no meio untada e asse em forno quente por cerca de 50 minutos.\n \n\n\t\t\t\t\t\t\tTodos sabem que a tapioca é um produto da mandioca e sua origem é indígena. A tapioca era um dos principais alimentos do povo indígena. Porém com o passar dos anos foram criadas diferentes receitas para a tapioca. Dentre essas receitas está o bolo de tapioca, é uma receita muito pouco conhecido mas é um doce delicioso. Uma dica para seu bolo ficar ainda mais delicioso é adicionar leite condensado para molhar o bolo de tapioca.\t\t\t\t\n\n\n\n\n\n\n\n\n\n\nVeja Também\n\n\n\n\n\n\n\n\n\n\n\n\n \n\n\n\n\nDeliciosa torta de pão de forma caseira\n\n\n\n\n\n\n\n\n\n\n\n\n\n\n\n\n \n\n\n\n\nSimples receita de massa de risoles caseira\n\n\n\n\n\n\n\n\n\n\n\n\n\n\n\n\n \n\n\n\n\nBolo engorda marido simples\n\n\n\n\n\n\n\n\n\n\n\n\n\n\n\n\n \n\n\n\n\nBolinho de carne\n\n\n\n\n\n\n\n\n\n\n\n\n\n\n\n\n \n\n\n\n\nMassa de panqueca low carb com 4 ingredientes\n\n\n\n\n\n\n\n\n\n\n\n\n\n\n\n\n \n\n\n\n\nLasanha de carne moida em 30 minutos",
    "data": "2019-10-31T03:35:43+00:00",
    "tempo_preparo": "50 minutos",
    "dificuldade": "média",
    "ingredientes": "4 ovos 2 xícaras de chá de tapioca 1/2 xícara de chá de coco fresco ralado 2 xícaras de chá de açúcar 150 g de manteiga em temperatura ambiente   5 e 1/2 xícaras de chá de leite"
}