{
    "url": "https://www.receitadahora.com/bolos/bolo-de-fuba-cremoso/",
    "titulo": "Bolo de fubá cremoso - Receita da Hora",
    "descricao": "Saiba como fazer Bolo de fubá cremoso. Uma receita de Bolos simples, fácil e muito gostosa. Acesse o nosso site e aprenda hoje mesmo diversas receitas.",
    "texto": "Bolo de fubá cremoso\n\n\n\n\nCOMPARTILHE\n \n\n\n\n\n\n\n\n\n\n\n\n\n\n\n\n\n\n\nTempo de preparo: \nAté 1 hora\nServe: \nAté 10 porções\nDificuldade: \nfácil\n\n\n\n\n\n\nAprenda a preparar bolo de fubá cremoso\n\n\nQue tal fazer um bolo delicioso para tomar aquele café da tarde junto com um amigo? Essa receita de \nbolo de fubá cremoso\n é com certeza a melhor escolha. Esse \nbolo de fubá cremoso\n é com certeza o melhor que você já experimentou. O melhor de tudo é que esse \nbolo de fubá cremoso\n é muito simples de ser feito e você pode fazer a qualquer momento. Esse bolo é perfeito para tomar junto com um café coado na hora fica simplesmente delicioso com certeza todos vão amar.\n\n\n\n\n\n\n\n\n\n\n\n\n\n\n\n\n\n\n\n\n\n\n\n\nBolo de fubá cremoso\n\n\n \n\n\n\n\n\n\nINGREDIENTES\n\n\n\n\n1 xícara e meia de fubá\n1 colher de fermento em pó\n2 colheres de margarina\n2 colheres de farinha de trigo\n3 xícaras de açúcar\n4 xícaras de leite\n4 ovos\n100 g de queijo ralado\n \n\n\nMODO DE PREPARO\n\n\n\n\nColoque tudo no liquidificador e bata\nPor alguns segundos coloque em forma untada e polvilhada com farinha de trigo\nAsse em forno quente por 30 a 40 minutos\nQuando for tirar do forno observe se ele está corado, pois ele fica meio mole\nMas só sirva bem frio\n \n\n\t\t\t\t\t\t\tGostou dessa receita? Então vai dar uma olhada nas nossas \nreceitas de bolo\n! Temos uma variedade muito grande de receitas que com certeza vocês vão adorar.\t\t\t\t\n\n\n\n\n\n\n\n\n\n\nVeja Também\n\n\n\n\n\n\n\n\n\n\n\n\n \n\n\n\n\nReceita de molho de tomate caseiro\n\n\n\n\n\n\n\n\n\n\n\n\n\n\n\n\n \n\n\n\n\nHambúrguer artesanal prático: receita simples e saborosa\n\n\n\n\n\n\n\n\n\n\n\n\n\n\n\n\n \n\n\n\n\nCarne assada de panela simples\n\n\n\n\n\n\n\n\n\n\n\n\n\n\n\n\n \n\n\n\n\nBolo de chocolate fofinho de liquidificador\n\n\n\n\n\n\n\n\n\n\n\n\n\n\n\n\n \n\n\n\n\nPavê simples e rápido\n\n\n\n\n\n\n\n\n\n\n\n\n\n\n\n\n \n\n\n\n\nReceita de caramelo em menos de 30 minutos",
    "data": "2020-01-22T14:42:42+00:00",
    "tempo_preparo": "Até 1 hora",
    "dificuldade": "fácil",
    "ingredientes": "1 xícara e meia de fubá 1 colher de fermento em pó 2 colheres de margarina 2 colheres de farinha de trigo 3 xícaras de açúcar 4 xícaras de leite 4 ovos 100 g de queijo ralado"
}