{
    "url": "https://www.receitadahora.com/bolos/bolo-salgado-de-pao-de-forma/",
    "titulo": "Bolo salgado de pão de forma - Receita da Hora",
    "descricao": "Saiba como fazer Bolo salgado de pão de forma. Uma receita de Bolos simples, fácil e muito gostosa. Acesse o nosso site e aprenda hoje mesmo diversas receitas.",
    "texto": "Bolo salgado de pão de forma\n\n\n\n\nCOMPARTILHE\n \n\n\n\n\n\n\n\n\n\n\n\n\n\n\n\n\n\n\nTempo de preparo: \nAté 1 hora\nServe: \nAté 10 porções\nDificuldade: \nFácil\n\n\n\n\n\n\nComo fazer bolo salgado de pão de forma\n\n\nCom variadas \nreceitas de bolos\n, o \nbolo salgado de pão de forma\n vem fazendo sucesso entre os brasileiros, que decidiram optar por um novo sabor em seus lanches e refeições principais. Aprenda a como fazer essa receita diferente e aproveite do melhor que ela tem a oferecer!\n\n\n\n\n\n\n\n\n\n\n\n\n\n\n\n\n\n\n\n\n\n\n\n\n\n\n\n\n\n\n\n\n\n\n\n\n\n\nIngredientes – Bolo salgado de pão de forma\n\n\n1 pão de fôrma sem casca\n\n1 cenoura ralada\n\nAzeitonas pretas e salsa a gosto para decorar\n\nRecheio:\n\n3 colheres (sopa) de azeite\n\n1 cebola picada\n\n2 cubos de caldo de galinha\n\n3 colheres (sopa) de maisena\n\n1 xícara (chá) de leite\n\n1 peito de frango cozido e desfiado\n\n1 lata de creme de leite\n\nCobertura:\n\n500g de batata cozida e espremida\n\n1 colher (sopa) de margarina\n\nSal a gosto\n\n50g de queijo parmesão ralado\n\n1 xícara (chá) de leite\n\n\nModo de preparo – Bolo salgado de pão de forma\n\n\n1. Para o recheio, em uma panela, coloque o azeite e a cebola e deixe refogar, em fogo médio mexendo, até amaciar a cebola. Acrescente o caldo de galinha e deixe refogar, mexendo até dissolver.\n\n2. Acrescente a maisena dissolvida no leite e mexa, até cozinhar e engrossar. Acrescente o frango desfiado e o creme de leite e misture.\n\n3. Em uma fôrma de fundo removível, forrada com papel-alumínio, intercale camadas de pão e de creme de frango, até terminarem os ingredientes, terminando em pão e reserve.\n\n4. Para a cobertura, em uma panela, coloque a batata, a margarina, sal, o queijo e o leite, misture bem e leve ao fogo médio, mexendo por 7 minutos. Deixe esfriar.\n\n5. Espalhe sobre o bolo na fôrma e decore a gosto com a cenoura, azeitonas e salsa. Cubra com filme plástico e leve à geladeira por 2 horas antes de servir.\n\n\n\n\n \n\n\n\n\n\n\n\t\t\t\t\t \r\n\n \n\n\n\n\n\n\n\n\n\n\nVeja Também\n\n\n\n\n\n\n\n\n\n\n\n\n \n\n\n\n\nDelicioso quiabo frito, receita simples\n\n\n\n\n\n\n\n\n\n\n\n\n\n\n\n\n \n\n\n\n\nTempero para caneiro\n\n\n\n\n\n\n\n\n\n\n\n\n\n\n\n\n \n\n\n\n\nTorta de chocolate\n\n\n\n\n\n\n\n\n\n\n\n\n\n\n\n\n \n\n\n\n\nReceita de mousse de chocolate simples e delicioso\n\n\n\n\n\n\n\n\n\n\n\n\n\n\n\n\n \n\n\n\n\nBolinho de chuva com banana – Sencacional\n\n\n\n\n\n\n\n\n\n\n\n\n\n\n\n\n \n\n\n\n\nDelicioso bolo de goma passo a passo",
    "data": "2019-11-13T23:41:48+00:00",
    "tempo_preparo": "Até 1 hora",
    "dificuldade": "Fácil",
    "ingredientes": null
}