{
    "url": "https://www.receitadahora.com/bolos/bolo-de-leite-ninho/",
    "titulo": "Receita de Bolo de leite ninho - Receita da Hora",
    "descricao": "Saiba como fazer Receita de Bolo de leite ninho. Uma receita de Bolos simples, fácil e muito gostosa. Acesse o nosso site e aprenda hoje mesmo diversas receitas.",
    "texto": "Receita de Bolo de leite ninho\n\n\n\n\nCOMPARTILHE\n \n\n\n\n\n\n\n\n\n\n\n\n\n\n\n\n\n\n\nTempo de preparo: \n40 minutos\nServe: \n8 porções\nDificuldade: \nmédia\n\n\n\n\n\n\nComo faze bolo de leite ninho\n\n\nO bolo de leite ninho é uma ótima opção para quem adora bolo gelado, além de ser delicioso o bolo de leite ninho não é enjoativo, ele é uma ótima opção para festas de aniversário, mas também é ótimo como uma sobremesa depois de um almoço de domingo, todos vão amar essa receita.\n\n\n\n\n\n\n\n\n\n\n\n\n\n\n\n\n\n\n\n\n\n\n\n\n\n\n\n\n\n\n\n\n\n\n\n\n\n\n \n\n\n\n\n\n\nINGREDIENTES\n\n\n\n\nMassa:\n5 gemas de ovo\n2 xícaras de chá de açucar\n2 xícaras de chá de farinha de trigo\n1 xícara de chá de leite fervendo\n1 colher de sopa de fermento\n5 claras batidas em neve\nRecheio:\n1 lata de leite condensado\n200 gramas de manteiga sem sal\n8 colheres de sopa de leite ninho\n2 latas de creme de leite sem soro, gelado\n \n\n\nMODO DE PREPARO\n\n\n\n\nMassa:\nBata as gemas e o açúcar até virar um creme\nAcrescente a farinha aos poucos, e depois o leite e o fermento.\nAdiciona as claras em neve aos poucos misturando de leve.\nColoque a massa em uma forma untada e leve ao forno preaquecido por cerca de 30 minutos.\nRecheio:\nBata a manteiga e o leite condensado na batedeira até engrossar, e aos poucos vá adicionando o leite ninho sem parar de bater.\nDesligue a batedeira e adicione o creme de leite bem gelado e misture com uma colher levemente.\nDeixe por 30 minutos na geladeira e recheie o bolo.\n \n\n\t\t\t\t\t\t\tUma dica para deixar seu bolo de leite ninho super geladinho é fazer uma mistura de água, açúcar e essência de baunilha para molhar o bolo. E para decorar seu bolo de leite ninho você pode usar raspas de chocolate branco, e como recheio você pode substituir o creme de leite por chantili gelado seu bolo de leite ninho ficará uma delicia.\t\t\t\t\n\n\n\n\n\n\n\n\n\n\nVeja Também\n\n\n\n\n\n\n\n\n\n\n\n\n \n\n\n\n\nAneis de cebola deliciosos e práticos\n\n\n\n\n\n\n\n\n\n\n\n\n\n\n\n\n \n\n\n\n\nMolho de cachorro quente com carne moída\n\n\n\n\n\n\n\n\n\n\n\n\n\n\n\n\n \n\n\n\n\nBolo de milho com coco de liquidificador\n\n\n\n\n\n\n\n\n\n\n\n\n\n\n\n\n \n\n\n\n\nBolo de milho cremoso\n\n\n\n\n\n\n\n\n\n\n\n\n\n\n\n\n \n\n\n\n\nChocolate quente\n\n\n\n\n\n\n\n\n\n\n\n\n\n\n\n\n \n\n\n\n\nReceita básica de chantilly com creme de leite",
    "data": "2019-10-24T16:04:29+00:00",
    "tempo_preparo": "40 minutos",
    "dificuldade": "média",
    "ingredientes": "Massa: 5 gemas de ovo 2 xícaras de chá de açucar 2 xícaras de chá de farinha de trigo 1 xícara de chá de leite fervendo 1 colher de sopa de fermento 5 claras batidas em neve Recheio: 1 lata de leite condensado 200 gramas de manteiga sem sal 8 colheres de sopa de leite ninho 2 latas de creme de leite sem soro, gelado"
}