{
    "url": "https://www.receitadahora.com/bolos/bolo-de-laranja-fofinho-e-macio/",
    "titulo": "Bolo de laranja fofinho e macio - Receita da Hora",
    "descricao": "Saiba como fazer Bolo de laranja fofinho e macio. Uma receita de Bolos simples, fácil e muito gostosa. Acesse o nosso site e aprenda hoje mesmo diversas receitas.",
    "texto": "Bolo de laranja fofinho e macio\n\n\n\n\nCOMPARTILHE\n \n\n\n\n\n\n\n\n\n\n\n\n\n\n\n\n\n\n\nTempo de preparo: \nAté 1 hora\nServe: \nMais de 10 porções\nDificuldade: \nFácil\n\n\n\n\n\n\nAprenda a fazer bolo de laranja\n\n\nO bolo de laranja é uma receita leve e refrescante que combina com qualquer dia da semana, além de ser um preparo simples com ingredientes básicos. Aposte nessa receita e aproveite com uma bebida quente para acompanhar. Em suma, saiba \ncomo fazer bolo de laranja \ne compartilhe com toda a família!\n\n\n\n\n\n\n\n\n\n\n\n\n\n\n\n\n\n\n\n\n\n\n\n\nReceita de bolo de laranja\n\n\n \n\n\n\n\n\n\nINGREDIENTES\n\n\n\n\n1 unidade de laranja\n3 unidades de ovo\n1 xícara (chá) de óleo de milho\n3 xícaras (chá) de farinha de trigo\n2 xícaras (chá) de açúcar\n1 colher (sopa) de fermento químico em pó\nCalda:\n1 xícara (chá) de suco de laranja\n3/4 xícara (chá) de açúcar\n \n\n\nMODO DE PREPARO\n\n\n\n\n1. Bata bem no liquidificador a laranja, o óleo e os ovos. Coloque a mistura em uma bacia e junte os demais ingredientes.\n2. Coloque em assadeira untada e enfarinhada. Leve para assar em forno médio e pré-aquecido.\n3. Depois de assado, regue o bolo com calda de laranja quente. \n4. CALDA: Misture o suco de laranja com o açúcar e leve ao fogo até engrossar um pouco.\n \n\n\n\n\n\n\n\n\n\n\n\n\nVeja Também\n\n\n\n\n\n\n\n\n\n\n\n\n \n\n\n\n\nCreme de morango para bolo\n\n\n\n\n\n\n\n\n\n\n\n\n\n\n\n\n \n\n\n\n\nReceita de cappucino gelado caseiro\n\n\n\n\n\n\n\n\n\n\n\n\n\n\n\n\n \n\n\n\n\nHambúrguer artesanal prático: receita simples e saborosa\n\n\n\n\n\n\n\n\n\n\n\n\n\n\n\n\n \n\n\n\n\nTorta de atum de liquidificador em 5 passos\n\n\n\n\n\n\n\n\n\n\n\n\n\n\n\n\n \n\n\n\n\nChocolate quente de microondas rápido e fácil\n\n\n\n\n\n\n\n\n\n\n\n\n\n\n\n\n \n\n\n\n\nMassa pan",
    "data": "2020-02-11T01:13:51+00:00",
    "tempo_preparo": "Até 1 hora",
    "dificuldade": "Fácil",
    "ingredientes": "1 unidade de laranja 3 unidades de ovo 1 xícara (chá) de óleo de milho 3 xícaras (chá) de farinha de trigo 2 xícaras (chá) de açúcar 1 colher (sopa) de fermento químico em pó Calda: 1 xícara (chá) de suco de laranja 3/4 xícara (chá) de açúcar"
}