{
    "url": "https://www.receitadahora.com/bolos/bolo-com-emulsificante/",
    "titulo": "Bolo com emulsificante - Receita da Hora",
    "descricao": "Saiba como fazer Bolo com emulsificante. Uma receita de Bolos simples, fácil e muito gostosa. Acesse o nosso site e aprenda hoje mesmo diversas receitas.",
    "texto": "Bolo com emulsificante\n\n\n\n\nCOMPARTILHE\n \n\n\n\n\n\n\n\n\n\n\n\n\n\n\n\n\n\n\nTempo de preparo: \nAté 1 hora\nServe: \nAté 10 porções\nDificuldade: \nfácil\n\n\n\n\n\n\nDescubra como fazer bolo como emulsificante\n\n\nO \nbolo com emulsificante\n é uma receita de bolo que fica uma massa extremamente fofinha. Esse bolo é delicioso e fica perfeito com qualquer recheio ou com qualquer cobertura. O \nbolo com emulsificante\n é a escolha perfeita para fazer um bolo de aniversário super fofinho e molhadinho, com certeza todos que experimentarem vão amar. Esse bolo é super simples de fazer e fica pronto muito rápido.\n\n\n\n\n\n\n\n\n\n\n\n\n\n\n\n\n\n\n\n\n\n\n\n\nBolo com emulsificante\n\n\nVocê pode fazer essa receita também para tomar um café da tarde, esse bolo cai super bem com um café feito na hora, e até mesmo com uma manteiga principalmente quando ele ainda está quentinho.\n\n\n\n\n\n\n\n\n\n\n\n\n\n\n \n\n\n\n\n\n\nINGREDIENTES\n\n\n\n\n6 ovos grandes\n3 copos de açúcar\n250 g de margarina ou manteiga em temperatura ambiente\n4 copos de farinha de trigo \n500 ml de leite temperatura ambiente\n1 colher de de sopa cheia de emulsificante \n2 colheres de sopa de cheia de fermento em pó\n \n\n\nMODO DE PREPARO\n\n\n\n\nNa batedeira, junte o açúcar com a margarina e bata até virar um creme bem claro.\nEm seguida adicione os ovos, um a um, e bata por mais 8 minutos.\nDepois vá adicionando a farinha de trigo aos poucos e continue batendo.\nDesligue a batedeira, adicione o leite e o fermento, misture com uma espatula e em seguida adicione o emulsificante.\nBata por mais 8 minutos ou até a massa ficar bem volumosa.\nEm seguida unte uma assadeira redonda média com margarina e enfarinhe com farinha de trigo.\nLeve para assar em forno médio, preaquecido, por cerca de 35 a 40 minutos.\n \n\n\t\t\t\t\t\t\tAlém desse bolo delicioso aqui no receita da hora nós temos outras deliciosas \nreceitas de bolo\n que você com certeza vai amar.\t\t\t\t\n\n\n\n\n\n\n\n\n\n\nVeja Também\n\n\n\n\n\n\n\n\n\n\n\n\n \n\n\n\n\nCanudinho de doce de leite assado\n\n\n\n\n\n\n\n\n\n\n\n\n\n\n\n\n \n\n\n\n\nTapioca granulada do nordeste\n\n\n\n\n\n\n\n\n\n\n\n\n\n\n\n\n \n\n\n\n\nFazendo ovo cozido em apenas 1 minuto\n\n\n\n\n\n\n\n\n\n\n\n\n\n\n\n\n \n\n\n\n\nPolenta com carne moída\n\n\n\n\n\n\n\n\n\n\n\n\n\n\n\n\n \n\n\n\n\nMolho de carne moída para macarrão muito gostosa\n\n\n\n\n\n\n\n\n\n\n\n\n\n\n\n\n \n\n\n\n\nA melhor batata recheada",
    "data": "2019-11-11T01:33:05+00:00",
    "tempo_preparo": "Até 1 hora",
    "dificuldade": "fácil",
    "ingredientes": "6 ovos grandes 3 copos de açúcar 250 g de margarina ou manteiga em temperatura ambiente 4 copos de farinha de trigo  500 ml de leite temperatura ambiente 1 colher de de sopa cheia de emulsificante  2 colheres de sopa de cheia de fermento em pó"
}