{
    "url": "https://www.receitadahora.com/bolos/bolo-de-fuba-com-maizena/",
    "titulo": "Bolo de fubá com maizena - Receita da Hora",
    "descricao": "Saiba como fazer Bolo de fubá com maizena. Uma receita de Bolos simples, fácil e muito gostosa. Acesse o nosso site e aprenda hoje mesmo diversas receitas.",
    "texto": "Bolo de fubá com maizena\n\n\n\n\nCOMPARTILHE\n \n\n\n\n\n\n\n\n\n\n\n\n\n\n\n\n\n\n\nTempo de preparo: \nAté 1 hora\nServe: \nMais de 10 porções\nDificuldade: \nfácil\n\n\n\n\n\n\nDescubra como fazer bolo de fubá com maizena\n\n\nO bolo de fubá é um bolo muito comum aqui no Brasil, normalmente fazemos o bolo de fubá para tomar aquele café da tarde delicioso. Então que tal fazer um bolo super fofinho para seu café da tarde? Essa receita para ficar super fofinha é uma receita de \nbolo de fubá com maizena\n. A maizena deixa a massa do bolo ainda mais gostosa e muito mais fofinha. E esse \nbolo de fubá com maizena\n além de ser super fofinho, tem uma massa mais leve o que torna o sabor ainda mais gostoso e nada enjoativo.\n\n\n\n\n\n\n\n\n\n\n\n\n\n\n\n\n\n\n\n\n\n\n\n\nBolo de fubá com maizena\n\n\nVocê pode fazer essa receita de bolo de fuba e chamar seus amigos para tomar um café da tarde e jogar conversa fora. Com certeza esse bolo irá deixar o momento ainda melhor e inesquecível.\n\n\n\n\n\n\n\n\n\n\n\n\n\n\n \n\n\n\n\n\n\nINGREDIENTES\n\n\n\n\n4 ovos\n250 g de fubá\n3 colheres de sopa de manteiga de leite\n250 g de maizena\n250 g de açúcar\n250 ml de leite\n2 colheres de sopa de fermento em pó\n \n\n\nMODO DE PREPARO\n\n\n\n\nColoque os ovos e o açúcar no liquidificador e bata por 1 minuto.\nAdicione, pouco a pouco, o leite, manteiga de leite, fubá e amido de milho.\nBata até formar uma massa homogênea.\nEm seguida, adicione o fermento em pó e coloque em um refratário untado com margarina.\nLeve ao forno alto preaquecido, por 35 minutos.\n \n\n\t\t\t\t\t\t\tAlém desse bolo de fubá com maizena super fofinho aqui no receita da hora temos mais várias \nreceias de bolo\n simplesmente deliciosas.\t\t\t\t\n\n\n\n\n\n\n\n\n\n\nVeja Também\n\n\n\n\n\n\n\n\n\n\n\n\n \n\n\n\n\nPatê de frango muito simples\n\n\n\n\n\n\n\n\n\n\n\n\n\n\n\n\n \n\n\n\n\nTorta salgada de legumes\n\n\n\n\n\n\n\n\n\n\n\n\n\n\n\n\n \n\n\n\n\nReceita fácil de ganache de chocolate para sobremesas\n\n\n\n\n\n\n\n\n\n\n\n\n\n\n\n\n \n\n\n\n\nA melhor costelinha de porco no forno\n\n\n\n\n\n\n\n\n\n\n\n\n\n\n\n\n \n\n\n\n\nChocolate quente\n\n\n\n\n\n\n\n\n\n\n\n\n\n\n\n\n \n\n\n\n\nMacarrão com carne moida em 20 minutos",
    "data": "2019-11-11T18:44:13+00:00",
    "tempo_preparo": "Até 1 hora",
    "dificuldade": "fácil",
    "ingredientes": "4 ovos 250 g de fubá 3 colheres de sopa de manteiga de leite 250 g de maizena 250 g de açúcar 250 ml de leite 2 colheres de sopa de fermento em pó"
}