{
    "url": "https://www.receitadahora.com/bolos/bolo-de-leite-ninho-para-aniversario/",
    "titulo": "Bolo de leite ninho para aniversário - Receita da Hora",
    "descricao": "Saiba como fazer Bolo de leite ninho para aniversário. Uma receita de Bolos simples, fácil e muito gostosa. Acesse o nosso site e aprenda hoje mesmo diversas receitas.",
    "texto": "Bolo de leite ninho para aniversário\n\n\n\n\nCOMPARTILHE\n \n\n\n\n\n\n\n\n\n\n\n\n\n\n\n\n\n\n\nTempo de preparo: \nAté 1 hora\nServe: \nAté 10 porções\nDificuldade: \nmédia\n\n\n\n\n\n\nComo fazer bolo de leite ninho para aniversário\n\n\nEm qualquer aniversário uma coisa que não pode faltar é o bolo de aniversário, então que tal você mesmo fazer seu bolo de aniversário? Essa receita de \nbolo de leite ninho para aniversário\n é perfeito para você fazer para a festinha de aniversário. Esse \nbolo de leite ninho para aniversário\n é muito fácil de ser feito e fica pronto em pouco tempo, além de ficar lindo e muito delicioso.Essa receita é deliciosa com certeza todos vão amar, com certeza esse bolo fará muito sucesso e com certeza você vai querer fazer muito mais vezes.\n\n\n\n\n\n\n\n\n\n\n\n\n\n\n\n\n\n\n\n\n\n\n\n\nbolo de leite ninho para aniversário\n\n\n \n\n\n\n\n\n\nINGREDIENTES\n\n\n\n\nMassa:\n1 colher de sopa de fermento\n1 xícara de leite fervendo\n2 xícaras de açúcar\n2 xícaras de farinha\n5 gemas\n5 claras em neve\nRecheio:\n1 lata de leite condensado\n2 latas de creme de leite sem soro bem gelado\n8 colheres de leite ninho\n200 g de manteiga sem sal\nCalda para molhar a massa antes de rechear:\n1 xícara de açúcar\n2 colheres de chá de extrato de baunilha\n3 xícaras de água\nDecore o bolo com chocolate branco raspado e cerejas\n \n\n\nMODO DE PREPARO\n\n\n\n\nMassa:\nBater até ficar as gemas e o açúcar creme.\nAcrescentar aos poucos a farinha, o leite, o fermento e coloque as claras por último delicadamente.\nLeve para assar até dourar.\nRecheio:\nBata na batedeira 200g de manteiga sem sal com 1 lata de leite condensado, até engrossar e coloque aos poucos, sem parar de bater, as colheradas de leite ninho uma a uma.\nDesligue a batedeira e coloque o creme de leite gelado, bem gelado.\nNão bata novamente, misture com uma colher. antes de cobrir e rechear o bolo, deixe esse creme por uns 30 min na geladeira.\nRecheie o bolo e cubra com o mesmo creme.\nSe quiser a versão chocolate, acrescente uma xícara de chocolate em pó na massa e 1/2 no recheio.\nCalda para molhar a massa antes de rechear:\nMisture tudo e deixe ferver até ficar quase em ponto de fio\n \n\n\t\t\t\t\t\t\tGostou dessa receita? Então vai dar uma olhada nas nossas \nreceitas de bolo\n! Temos uma variedade muito grande de receitas que com certeza vocês vão adorar.\t\t\t\t\n\n\n\n\n\n\n\n\n\n\nVeja Também\n\n\n\n\n\n\n\n\n\n\n\n\n \n\n\n\n\nA melhor panqueca de carne moída\n\n\n\n\n\n\n\n\n\n\n\n\n\n\n\n\n \n\n\n\n\nOmelete de forno super fácil\n\n\n\n\n\n\n\n\n\n\n\n\n\n\n\n\n \n\n\n\n\nFácil receita de bolo simples de liquidificador com óleo\n\n\n\n\n\n\n\n\n\n\n\n\n\n\n\n\n \n\n\n\n\nMousse de chocolate com nescau\n\n\n\n\n\n\n\n\n\n\n\n\n\n\n\n\n \n\n\n\n\nTempero para espetinho\n\n\n\n\n\n\n\n\n\n\n\n\n\n\n\n\n \n\n\n\n\nCurau de milho fácil e prático",
    "data": "2020-01-22T14:29:52+00:00",
    "tempo_preparo": "Até 1 hora",
    "dificuldade": "média",
    "ingredientes": "Massa: 1 colher de sopa de fermento 1 xícara de leite fervendo 2 xícaras de açúcar 2 xícaras de farinha 5 gemas 5 claras em neve Recheio: 1 lata de leite condensado 2 latas de creme de leite sem soro bem gelado 8 colheres de leite ninho 200 g de manteiga sem sal Calda para molhar a massa antes de rechear: 1 xícara de açúcar 2 colheres de chá de extrato de baunilha 3 xícaras de água Decore o bolo com chocolate branco raspado e cerejas"
}