{
    "url": "https://www.receitadahora.com/bolos/bolo-pega-marido/",
    "titulo": "Bolo pega marido - Receita da Hora",
    "descricao": "Saiba como fazer Bolo pega marido. Uma receita de Bolos simples, fácil e muito gostosa. Acesse o nosso site e aprenda hoje mesmo diversas receitas.",
    "texto": "Bolo pega marido\n\n\n\n\nCOMPARTILHE\n \n\n\n\n\n\n\n\n\n\n\n\n\n\n\n\n\n\n\nTempo de preparo: \nAté 1 hora\nServe: \nAté 10 porções\nDificuldade: \nmédia\n\n\n\n\n\n\nAprenda a fazer bolo pega marido\n\n\nQue tal comer um bolo de coco super delicioso e cremoso? Se sua resposta for sim a escolha perfeita é o \nbolo pega marido\n. Esse bolo é muito conhecido pois o \nbolo pega marido\n é originário aqui do Brasil. A história do \nbolo\n \npega marido\n  surgiu na época do Brasil colônia, quando as sinhás tinham como lazer cozinhar para seus \nmaridos\n. Essa receita de \nbolo pega marido\n é típico do nordeste e é simplesmente deliciosa.\n\n\n\n\n\n\n\n\n\n\n\n\n\n\n\n\n\n\n\n\n\n\n\n\nBolo pega marido\n\n\nVocê com certeza vai amar essa receita e vai querer fazer várias vezes, é uma ótima escolha para fazer de sobremesa.\n\n\n\n\n\n\n\n\n\n\n\n\n\n\n \n\n\n\n\n\n\nINGREDIENTES\n\n\n\n\nMassa:\n3 ovos grandes\n1/2 lata de açúcar (medida do leite condensado)\n1 lata de leite condensado\n1 lata de leite integral (medida do leite condensado)\n1 lata de farinha de trigo (medida do leite condensado)\n3 colheres de sopa de margarina\n200ml de leite de coco\nCalda:\n2 colheres de sopa de açúcar\n200 ml de leite de coco\n100 g de coco ralado\n \n\n\nMODO DE PREPARO\n\n\n\n\nMassa:\nBata todos os ingredientes no liquidificador.\nUnte e enfarinhe uma forma e despeje a massa.\nLeve para assar em forno médio, preaquecido.\nCalda:\nLeve ao fogo o leite de coco, o coco e o açúcar até ferver.\nEm seguida, espalhe ainda quente sobre o bolo.\n \n\n\t\t\t\t\t\t\tAlém desse bolo pega marido aqui no receita da hora temos várias opções de \nreceitas de bolo\n simplesmente deliciosas.\r\n\r\n \r\n\n \n\n\n\n\n\n\n\n\n\n\nVeja Também\n\n\n\n\n\n\n\n\n\n\n\n\n \n\n\n\n\nBatata doce assada em 5 passos\n\n\n\n\n\n\n\n\n\n\n\n\n\n\n\n\n \n\n\n\n\nRocambole de carne com queijo puxa-puxa\n\n\n\n\n\n\n\n\n\n\n\n\n\n\n\n\n \n\n\n\n\nRecheio alpino\n\n\n\n\n\n\n\n\n\n\n\n\n\n\n\n\n \n\n\n\n\nComida baiana – Acarajé com vatapá\n\n\n\n\n\n\n\n\n\n\n\n\n\n\n\n\n \n\n\n\n\nDoce de leite em pó\n\n\n\n\n\n\n\n\n\n\n\n\n\n\n\n\n \n\n\n\n\nRecheio de coco para bolo",
    "data": "2019-11-20T17:52:21+00:00",
    "tempo_preparo": "Até 1 hora",
    "dificuldade": "média",
    "ingredientes": "Massa: 3 ovos grandes 1/2 lata de açúcar (medida do leite condensado) 1 lata de leite condensado 1 lata de leite integral (medida do leite condensado) 1 lata de farinha de trigo (medida do leite condensado) 3 colheres de sopa de margarina 200ml de leite de coco Calda: 2 colheres de sopa de açúcar 200 ml de leite de coco 100 g de coco ralado"
}