{
    "url": "https://www.receitadahora.com/bolos/bolo-de-chocolate-fofinho-de-liquidificador/",
    "titulo": "Bolo de chocolate fofinho de liquidificador - Receita da Hora",
    "descricao": "Saiba como fazer Bolo de chocolate fofinho de liquidificador. Uma receita de Bolos simples, fácil e muito gostosa. Acesse o nosso site e aprenda hoje mesmo diversas receitas.",
    "texto": "Bolo de chocolate fofinho de liquidificador\n\n\n\n\nCOMPARTILHE\n \n\n\n\n\n\n\n\n\n\n\n\n\n\n\n\n\n\n\nTempo de preparo: \nAté 1 hora\nServe: \nAté 10 porções\nDificuldade: \nfácil\n\n\n\n\n\n\nAprenda a fazer bolo de chocolate fofinho de liquidificador\n\n\nO bolo de chocolate está no ranking das comidas preferidas das pessoas, mas não é para meos pois o bolo de chocolate é delicioso. Essa receita de \nbolo de chocolate fofinho de liquidificador\n é a receita perfeita para quem é um amante de bolo de chocolate. É uma receita super deliciosa e super facil de fazer. O \nbolo de chocolate fofinho de liquidificador\n irá te surpreender com a praticidade e sabor inigualável.\n\n\n\n\n\n\n\n\n\n\n\n\n\n\n\n\n\n\n\n\n\n\n\n\nBolo de chocolate fofinho de liqouidificador\n\n\nVocê pode fazer essa receita para seus amigos e família pois além de ser deliciosa e muito fácil de fazer ela ainda rende várias porções então chame os amigos e se deliciem com essa maravilhosa receita.\n\n\n\n\n\n\n\n\n\n\n\n\n\n\n \n\n\n\n\n\n\nINGREDIENTES\n\n\n\n\n3 ovos\n3 colheres de sopa de margarina\n2 xícaras de chá de açúcar\n1 xícara de chá de leite morno\n2 xícaras de chá de farinha de trigo\n1 colher de sopa de fermento em pó\n1 xícara de chá de chocolate ou achocolatado em pó\n \n\n\nMODO DE PREPARO\n\n\n\n\nNo liquidificador, bata os ovos, o leite, a margarina e o açúcar, durante 2 minutos.\nAcrescente o chocolate ou o achocolatado em pó e a farinha de trigo e bata por 4 minutos.\nPor último, adicione o fermento em pó e bata por 5 segundos, só para misturar.\nDespeje a massa em uma forma untada e enfarinhada.\nLeve para assar em forno médio preaquecido até crescer e dourar.\n \n\n\t\t\t\t\t\t\tVocê pode preparar uma calda para seu bolo de chocolate e aqui no receita da hora temos deliciosas receitas de calda para bolo. Além de termos várias \nreceitas de torta\n simplesmente deliciosas que você vai amar.\t\t\t\t\n\n\n\n\n\n\n\n\n\n\nVeja Também\n\n\n\n\n\n\n\n\n\n\n\n\n \n\n\n\n\nPão de assadeira fofinho\n\n\n\n\n\n\n\n\n\n\n\n\n\n\n\n\n \n\n\n\n\nCaldinho de mandioca simples e rápido\n\n\n\n\n\n\n\n\n\n\n\n\n\n\n\n\n \n\n\n\n\nAmendoim salgado\n\n\n\n\n\n\n\n\n\n\n\n\n\n\n\n\n \n\n\n\n\nLasanha a bolonhesa\n\n\n\n\n\n\n\n\n\n\n\n\n\n\n\n\n \n\n\n\n\nFígado acebolado delicioso\n\n\n\n\n\n\n\n\n\n\n\n\n\n\n\n\n \n\n\n\n\nMoqueca de peixe deliciosa",
    "data": "2019-11-11T02:22:00+00:00",
    "tempo_preparo": "Até 1 hora",
    "dificuldade": "fácil",
    "ingredientes": "3 ovos 3 colheres de sopa de margarina 2 xícaras de chá de açúcar 1 xícara de chá de leite morno 2 xícaras de chá de farinha de trigo 1 colher de sopa de fermento em pó 1 xícara de chá de chocolate ou achocolatado em pó"
}