{
    "url": "https://www.receitadahora.com/bolos/bolo-de-macaxeira/",
    "titulo": "Bolo de macaxeira fofinho - Receita da Hora",
    "descricao": "Saiba como fazer Bolo de macaxeira fofinho. Uma receita de Bolos simples, fácil e muito gostosa. Acesse o nosso site e aprenda hoje mesmo diversas receitas.",
    "texto": "Bolo de macaxeira fofinho\n\n\n\n\nCOMPARTILHE\n \n\n\n\n\n\n\n\n\n\n\n\n\n\n\n\n\n\n\nTempo de preparo: \nAté 1 hora\nServe: \nAté 10 porções\nDificuldade: \nfácil\n\n\n\n\n\n\nDescubra como fazer bolo de macaxeira\n\n\nQue tal fazer um bolo delicioso para tomar aquele café da tarde junto com um amigo? Essa receita de \nbolo de macaxeira\n é com certeza a melhor escolha. Esse \nbolo de macaxeira\n é com certeza o melhor que você já experimentou. O melhor de tudo é que esse \nbolo de macaxeira\n é muito simples de ser feito e você pode fazer a qualquer momento. Esse bolo é perfeito para tomar junto com um café coado na hora fica simplesmente delicioso, com certeza esse bolo vai fazer o maior sucesso.\n\n\n\n\n\n\n\n\n\n\n\n\n\n\n\n\n\n\n\n\n\n\n\n\nBolo de macaxeira\n\n\n \n\n\n\n\n\n\nINGREDIENTES\n\n\n\n\n1 pitada de sal\n1 colher de fermento\n2 kg de macaxeira ralada\n6 colheres bem generosa de manteiga\n6 xícaras de açúcar\n6 ovos\n200 g de coco ralado\n \n\n\nMODO DE PREPARO\n\n\n\n\nBata os ovos e a manteiga no liquidificador, por 2 minutos.\nDepois, despeje aos pucos na macaxeira ralada.\nColoque o açúcar e o coco ralado, mexa até ficar bem homogêneo.\nPor último, acrescente a pitada de sal e o fermento.\nLeve para assar numa forma untada, em fogo a 180°C.\nSe unta a forma com manteiga e polvilhar açúcar, vai formar uma leve calda no bolo.\n \n\n\t\t\t\t\t\t\tEsse prato é simples e rápido perfeito para preparar naquele dia que está aquela correria e o melhor de tudo fica perfeito. Além dessa receita temos deliciosas \nreceitas de torta\n que com certeza vão te deixar com água na boca.\t\t\t\t\n\n\n\n\n\n\n\n\n\n\nVeja Também\n\n\n\n\n\n\n\n\n\n\n\n\n \n\n\n\n\nGeladinho de amendoim\n\n\n\n\n\n\n\n\n\n\n\n\n\n\n\n\n \n\n\n\n\nBolo de milho cremoso\n\n\n\n\n\n\n\n\n\n\n\n\n\n\n\n\n \n\n\n\n\nArroz doce simples\n\n\n\n\n\n\n\n\n\n\n\n\n\n\n\n\n \n\n\n\n\nCreme de musseline cremoso\n\n\n\n\n\n\n\n\n\n\n\n\n\n\n\n\n \n\n\n\n\nFeijão de forma simples – Prático e saboroso\n\n\n\n\n\n\n\n\n\n\n\n\n\n\n\n\n \n\n\n\n\nPavê simples e rápido",
    "data": "2019-12-06T18:27:31+00:00",
    "tempo_preparo": "Até 1 hora",
    "dificuldade": "fácil",
    "ingredientes": "1 pitada de sal 1 colher de fermento 2 kg de macaxeira ralada 6 colheres bem generosa de manteiga 6 xícaras de açúcar 6 ovos 200 g de coco ralado"
}