{
    "url": "https://www.receitadahora.com/bolos/bolo-cenoura-com-calda-chocolate/",
    "titulo": "Delicioso bolo de cenoura com calda de chocolate - Receita da Hora",
    "descricao": "Saiba como fazer Delicioso bolo de cenoura com calda de chocolate. Uma receita de Bolos simples, fácil e muito gostosa. Acesse o nosso site e aprenda hoje mesmo diversas receitas.",
    "texto": "Delicioso bolo de cenoura com calda de chocolate\n\n\n\n\nCOMPARTILHE\n \n\n\n\n\n\n\n\n\n\n\n\n\n\n\n\n\n\n\nTempo de preparo: \nAté 1 hora\nServe: \nAté 10 porções\nDificuldade: \nFácil\n\n\n\n\n\n\nSaiba como fazer bolo de cenoura\n\n\nEntre as mais variadas \nreceitas de bolo\n, o bolo de cenoura está entre os queridinhos de todos. Com sua massa fofinha e seu doce incrível, ele muitas vezes vem acompanhado de uma deliciosa calda de chocolate. Aprenda \ncomo fazer bolo de cenoura\n com uma cobertura incrível.\n\n\n\n\n\n\n\n\n\n\n\n\n\n\n\n\n\n\n\n\n\n\n\n\n\n\n\n\n\n\n\n\n\n\n\n\n\n\nIngredientes\n\n\n\n\n\n\n\n\n5\n \novos\n\n\n1 xícara de\n \nóleo\n\n\n450\n \ng de\n c\nenoura\n \ncrua e picada\n\n\n2 xícaras de\n a\nçúcar\n\n\n3 xícaras de\n \nfarinha de trigo\n\n\n1 colher e 1/2 de sopa\n de\n \nfermento químico\n\n\n\n\n\n\n\n\n\n\n\n\nCobertura\n\n\n\n\n1 xícara e 1/3 \nde\n a\nçúcar\n\n\n2 colheres de sopa de\n m\nanteiga\n\n\n1 xícara de\n \nchocolate em pó\n\n\n3 colheres de sopa de\n \nleite\n\n\nModo de preparo\n\n\n\n\n\n\n\n\n\n\n1. No liquidificador coloque os ovos, a cenoura e o óleo. \nBata tudo muito bem, até a cenoura desmanchar por completo e incorporar totalmente na massa.\n\n2. Transfira essa mistura para uma vasilha e coloque aos poucos o açúcar sempre mexendo. Quando incorporar completamente adicione a farinha também aos poucos. Por último acrescente o fermento químico e misture rapidamente.\n\n\n\n\n\n\n3. Despeje em uma forma untada e enfarinhada. \nLeve ao forno preaquecido a 180ºC por cerca de 40 minutos (de qualquer forma faça o teste do palito, espetando ele bem no centro da sua massa, quando sair limpo já está pronto).\n\n\n\n\n\n\n\n\n\n\n\n\n\n\n\n\n\n\n4. Coloque todos os ingredientes da cobertura em uma panela. \nLeve em fogo médio sempre misturando para não queimar.\n\n\n\n\n\n\n5. Quando começar a ferver comece a mexer bem rápido e conte 1 minutinho no relógio. Desligue a\nssim que ela soltar do fundo da panela. Despeje imediatamente sobre o bolo.\n\n\n\n\n\n\n6. Espere a cobertura começar a secar um pouquinho e comece a cortar.\n\n\n\n\n\n\n\n\n\n\n\n\n\n\n\n\n\n\n \n\n\n\n\n\n\n\t\t\t\t\t \r\n\n\n\n \n\n\n\n\n\n\n\n\n\n\nVeja Também\n\n\n\n\n\n\n\n\n\n\n\n\n \n\n\n\n\nReceita de torta de liquidificador em 6 passos\n\n\n\n\n\n\n\n\n\n\n\n\n\n\n\n\n \n\n\n\n\nLagarto na panela de pressão derrete na boca\n\n\n\n\n\n\n\n\n\n\n\n\n\n\n\n\n \n\n\n\n\nHambúrguer em apenas 3 passos\n\n\n\n\n\n\n\n\n\n\n\n\n\n\n\n\n \n\n\n\n\nIogurte natural caseiro\n\n\n\n\n\n\n\n\n\n\n\n\n\n\n\n\n \n\n\n\n\nMaionese caseira simples e prática\n\n\n\n\n\n\n\n\n\n\n\n\n\n\n\n\n \n\n\n\n\nCachorro quente em 15 minutos",
    "data": "2019-11-27T22:49:14+00:00",
    "tempo_preparo": "Até 1 hora",
    "dificuldade": "Fácil",
    "ingredientes": null
}