{
    "url": "https://www.receitadahora.com/bolos/bolo-colorido-divertido/",
    "titulo": "Bolo colorido divertido - Receita da Hora",
    "descricao": "Saiba como fazer Bolo colorido divertido. Uma receita de Bolos simples, fácil e muito gostosa. Acesse o nosso site e aprenda hoje mesmo diversas receitas.",
    "texto": "Bolo colorido divertido\n\n\n\n\nCOMPARTILHE\n \n\n\n\n\n\n\n\n\n\n\n\n\n\n\n\n\n\n\nTempo de preparo: \nAté 2 horas\nServe: \nMais de 10 porções\nDificuldade: \nFácil\n\n\n\n\n\n\nReceita bolo colorido\n\n\nO \nbolo colorido \né uma receita fácil e muito divertida de preparar! Pode se tornar a atração principal da sua festa ou reunião, além de ser muito gostoso. Esse passo a passo de \nbolo colorido\n irá te trazer novas sensações e com certeza você vai amar! Em suma, aprenda a como preparar o melhor \nbolo colorido\n e aproveite!\n\n\n\n\n\n\n\n\n\n\n\n\n\n\n\n\n\n\n\n\n\n\n\n\nReceita de bolo colorido\n\n\n \n\n\n\n\n\n\nINGREDIENTES\n\n\n\n\n6 ovos\n2 xícaras de açúcar\n2 xícaras de leite\n1 + ½ xícara de óleo\n4 xícaras de farinha de trigo\n1 colher (sopa) de fermento\nCorantes de 6 cores diferentes\nCobertura e confeitos a gosto\n \n\n\nMODO DE PREPARO\n\n\n\n\n1. Em uma vasilha, bata os ovos. Em seguida, adicione o açúcar, batendo sempre até formar um creme homogêneo.\n2. Adicione o leite, o óleo e a farinha de trigo e mexa bem para incorporar os ingredientes à massa. Por último, coloque o fermento e bata a massa mais um pouco.\n3. Em seguida, em potes diferentes, coloque partes da massa para misturá-las aos corantes. Cada pote deve conter menos massa que o anterior, do primeiro para o último.\n4. Adicione corante aos poucos e pare quando atingir a cor desejada — utilizamos corantes vermelho, laranja, amarelo, verde, azul e roxo.\n5. Unte uma forma redonda com manteira e farinha de trigo e comece a derramar as massas coloridas no centro da forma. \n6. Primeiro a vermelha, depois a laranja, até que todas elas estejam na forma. Derrame-as bem no centro da forma, uma sobre a outra.\n7. Leve ao forno a 180º C, por 60 minutos ou até que, ao enfiar um palito no centro do bolo, ele saia limpo. Cubra com cobertura e confeitos de sua preferência.\n \n\n\n\n\n\n\n\n\n\n\n\n\nVeja Também\n\n\n\n\n\n\n\n\n\n\n\n\n \n\n\n\n\nEscondidinho de camarão simples e delicioso\n\n\n\n\n\n\n\n\n\n\n\n\n\n\n\n\n \n\n\n\n\nCarne cozida com legumes\n\n\n\n\n\n\n\n\n\n\n\n\n\n\n\n\n \n\n\n\n\nBrownie com pedaços de chocolate\n\n\n\n\n\n\n\n\n\n\n\n\n\n\n\n\n \n\n\n\n\nA melhor massa de calzone\n\n\n\n\n\n\n\n\n\n\n\n\n\n\n\n\n \n\n\n\n\nFígado acebolado delicioso\n\n\n\n\n\n\n\n\n\n\n\n\n\n\n\n\n \n\n\n\n\nO melhor bolo baeta",
    "data": "2021-05-10T17:32:38+00:00",
    "tempo_preparo": "Até 2 horas",
    "dificuldade": "Fácil",
    "ingredientes": "6 ovos 2 xícaras de açúcar 2 xícaras de leite 1 + ½ xícara de óleo 4 xícaras de farinha de trigo 1 colher (sopa) de fermento Corantes de 6 cores diferentes Cobertura e confeitos a gosto"
}