{
    "url": "https://www.receitadahora.com/bolos/bolo-de-milho-receita-tradicional-e-pratica/",
    "titulo": "Bolo de milho receita tradicional e prática - Receita da Hora",
    "descricao": "Saiba como fazer Bolo de milho receita tradicional e prática. Uma receita de Bolos simples, fácil e muito gostosa. Acesse o nosso site e aprenda hoje mesmo diversas receitas.",
    "texto": "Bolo de milho receita tradicional e prática\n\n\n\n\nCOMPARTILHE\n \n\n\n\n\n\n\n\n\n\n\n\n\n\n\n\n\n\n\nTempo de preparo: \nRapidinho\nServe: \nAté 10 porções\nDificuldade: \nFácil\n\n\n\n\n\n\nDescubra como preparar bolo de milho\n\n\nO bolo de milho é tradicional em festas juninas, sendo sempre uma das opções mais procuradas. Com sua massa fofa e seus flocos de milho, é a opção perfeita. Bom acompanhante de café, aprenda \ncomo fazer bolo de milho\n!\n\n\n\n\n\n\n\n\n\n\n\n\n\n\n\n\n\n\n\n\n\n\n\n\n\n\nReceita de bolo de milho\n\n\n\n\n \n\n\n\n\n\n\nINGREDIENTES\n\n\n\n\n1 xícara (chá) de farinha de milho em flocos\n1 xícara (chá) de açúcar\n1 xícara (chá) de leite\n1 xícara (chá) de queijo prato picado\n1/2 xícara (chá) de óleo\n3 ovos\n2 colheres (sopa) de coco ralado\n1 colher (sopa) de fermento químico em pó em pó\nAçúcar de confeiteiro para polvilhar\n \n\n\nMODO DE PREPARO\n\n\n\n\n1. Aqueça o forno a 180 ºC. Bata todos os ingredientes no liquidificador até formar uma massa homogênea.\n2. Despeje numa forma de 22 cm de diâmetro untada e polvilhada com fubá. Leve para assar por cerca de 40 minutos.\n3. Deixe esfriar e desenforme.\n4. Leve à geladeira e, ao servir, polvilhe com açúcar de confeiteiro.\n \n\n\t\t\t\t\t\t\t \r\n\n \n\n\n\n\n\n\n\n\n\n\nVeja Também\n\n\n\n\n\n\n\n\n\n\n\n\n \n\n\n\n\nReceita de bolo formigueiro\n\n\n\n\n\n\n\n\n\n\n\n\n\n\n\n\n \n\n\n\n\nhambúrguer caseiro\n\n\n\n\n\n\n\n\n\n\n\n\n\n\n\n\n \n\n\n\n\nBolo de chocolate rápido e fácil\n\n\n\n\n\n\n\n\n\n\n\n\n\n\n\n\n \n\n\n\n\nRisoto de frango delicioso\n\n\n\n\n\n\n\n\n\n\n\n\n\n\n\n\n \n\n\n\n\nReceita de linguiça no forno prática\n\n\n\n\n\n\n\n\n\n\n\n\n\n\n\n\n \n\n\n\n\nMassa de torta salgada em 5 passos",
    "data": "2020-01-07T16:52:16+00:00",
    "tempo_preparo": "Rapidinho",
    "dificuldade": "Fácil",
    "ingredientes": "1 xícara (chá) de farinha de milho em flocos 1 xícara (chá) de açúcar 1 xícara (chá) de leite 1 xícara (chá) de queijo prato picado 1/2 xícara (chá) de óleo 3 ovos 2 colheres (sopa) de coco ralado 1 colher (sopa) de fermento químico em pó em pó Açúcar de confeiteiro para polvilhar"
}