{
    "url": "https://www.receitadahora.com/bolos/bolo-de-milho-verde-caipira/",
    "titulo": "Bolo de milho verde caipira - Receita da Hora",
    "descricao": "Saiba como fazer Bolo de milho verde caipira. Uma receita de Bolos simples, fácil e muito gostosa. Acesse o nosso site e aprenda hoje mesmo diversas receitas.",
    "texto": "Bolo de milho verde caipira\n\n\n\n\nCOMPARTILHE\n \n\n\n\n\n\n\n\n\n\n\n\n\n\n\n\n\n\n\nTempo de preparo: \nAté 1 hora\nServe: \nAté 10 porções\nDificuldade: \nfácil\n\n\n\n\n\n\nAprenda a fazer bolo de milho verde caipira\n\n\nQue tal fazer um bolo delicioso para tomar aquele café da tarde junto com um amigo? Essa receita de \nbolo de milho verde caipira \né com certeza a melhor escolha. Esse \nbolo de milho verde caipira \né com certeza o melhor que você já experimentou. O melhor de tudo é que esse \nbolo de milho verde caipira\n é muito simples de ser feito e você pode fazer a qualquer momento. Esse bolo é perfeito para tomar junto com um café coado na hora fica simplesmente maravilhoso, você vai amar.\n\n\n\n\n\n\n\n\n\n\n\n\n\n\n\n\n\n\n\n\n\n\n\n\nBolo de milho verde caipira\n\n\n \n\n\n\n\n\n\nINGREDIENTES\n\n\n\n\n5 ovos inteiros\n2 copos de leite\n4 espigas de milho \n2 colher de sopa de farinha de trigo\n2 copos de açúcar \n1 colher de sopa amido de milho\n1 colher de sopa de manteiga\n1 colher de sopa de fermento em pó\n1 pitada de sal\n \n\n\nMODO DE PREPARO\n\n\n\n\nBater o milho,leite bater bem.\nPara acrescentar depois os demais ingredientes aos poucos.\nForma untada,redonda ou a de buraco.\nForno preaquecido,assar por mais ou menos 1 hora.\n \n\n\t\t\t\t\t\t\tEsse prato é simples e rápido perfeito para preparar naquele dia que está aquela correria e o melhor de tudo fica perfeito. Além dessa receita temos deliciosas \nreceitas de torta\n que com certeza vão te deixar com água na boca.\t\t\t\t\n\n\n\n\n\n\n\n\n\n\nVeja Também\n\n\n\n\n\n\n\n\n\n\n\n\n \n\n\n\n\nMacarrão na panela pressão fácil e rápido\n\n\n\n\n\n\n\n\n\n\n\n\n\n\n\n\n \n\n\n\n\nPamonha tradicional deliciosa\n\n\n\n\n\n\n\n\n\n\n\n\n\n\n\n\n \n\n\n\n\nHot dog de forno rápido\n\n\n\n\n\n\n\n\n\n\n\n\n\n\n\n\n \n\n\n\n\nRocambole salgado de carne\n\n\n\n\n\n\n\n\n\n\n\n\n\n\n\n\n \n\n\n\n\nCarne seca desfiada com 4 ingredientes\n\n\n\n\n\n\n\n\n\n\n\n\n\n\n\n\n \n\n\n\n\nTorta de pão de forma em 10 minutos",
    "data": "2019-11-25T16:08:21+00:00",
    "tempo_preparo": "Até 1 hora",
    "dificuldade": "fácil",
    "ingredientes": "5 ovos inteiros 2 copos de leite 4 espigas de milho  2 colher de sopa de farinha de trigo 2 copos de açúcar  1 colher de sopa amido de milho 1 colher de sopa de manteiga 1 colher de sopa de fermento em pó 1 pitada de sal"
}