{
    "url": "https://www.receitadahora.com/bolos/bolo-de-prestigio/",
    "titulo": "Bolo de prestígio - Receita da Hora",
    "descricao": "Saiba como fazer Bolo de prestígio. Uma receita de Bolos simples, fácil e muito gostosa. Acesse o nosso site e aprenda hoje mesmo diversas receitas.",
    "texto": "Bolo de prestígio\n\n\n\n\nCOMPARTILHE\n \n\n\n\n\n\n\n\n\n\n\n\n\n\n\n\n\n\n\nTempo de preparo: \nAté 2 horas\nServe: \nMais de 10 porções\nDificuldade: \nmédia\n\n\n\n\n\n\nSaiba como fazer bolo de prestígio\n\n\nO prestígio é um dos chocolates mais famosos da nestle, e um dos favoritos da população, ele constitui em  chocolate e coco e fica simplesmente delicioso. O bolo de prestigio foi uma ótima ideia que se inspirou nesse chocolate, e nós trouxemos uma receita de bolo de prestigio simplesmente delicioso.\n\n\n\n\n\n\n\n\n\n\n\n\n\n\n\n\n\n\n\n\n\n\n\n\nbolo de prestigio\n\n\n \n\n\n\n\n\n\nINGREDIENTES\n\n\n\n\nMassa:\n3 ovos\n1 xícara de chá de leite\n1 xícara de chá de açúcar\n1/2 xícara de chá de óleo\n1 xícara de chá de chocolate em pó\n2 xícaras de chá de farinha de trigo\n1 colher de sopa de fermento\nRecheio: \n1 lata de leite condensado\n1 colher de sopa de margarina\n100 g de coco ralado\nCobertura:\n8 colheres de sopa de açúcar\n2 colheres de sopa de chocolate em pó\n3 colheres de sopa de margarina\n2 xícaras de chá de leite\nLeite de coco para molhar o bolo\n \n\n\nMODO DE PREPARO\n\n\n\n\nBata todos os ingredientes menos o fermento na batedeira até ter uma mistura homogênea.\nAdicione o fermento e mexa com uma colher até se misturar.\nAsse em fogo médio preaquecido por cerca de 30 minutos e reserve.\nRecheio:\nLeve o leite condensado, a margarina e o coco ralado ao fogo até desgrudar do fundo da panela.\nCobertura:\nLeve todos ingredientes ao fogo até engrossar, depois tire e deixe esfriar.\nMontagem:\nAssim que esfriar corte o bolo ao meio.\nfaça alguns furinhos nele e jogue o leite de coco nas duas partes para deixar ele molhadinho.\nColoque o recheio e feche o bolo.\nJogue a calda por cima e pode servir.\n \n\n\nDicas para você:\n\r\n\r\nVocê pode enfeitar seu bolo de prestigio com raspas de chocolate, coco ou até mesmo picar o prestigio e colocar em cima da cobertura seu bolo de prestigio ficará delicioso e lindo.\t\t\t\t\n\n\n\n\n\n\n\n\n\n\nVeja Também\n\n\n\n\n\n\n\n\n\n\n\n\n \n\n\n\n\nArroz branco soltinho – Sensacional\n\n\n\n\n\n\n\n\n\n\n\n\n\n\n\n\n \n\n\n\n\nCasadinho caseiro delicioso e prático\n\n\n\n\n\n\n\n\n\n\n\n\n\n\n\n\n \n\n\n\n\nFácil receita de bolo simples de liquidificador com óleo\n\n\n\n\n\n\n\n\n\n\n\n\n\n\n\n\n \n\n\n\n\nPolenta com carne moída\n\n\n\n\n\n\n\n\n\n\n\n\n\n\n\n\n \n\n\n\n\nDoce de leite de corte\n\n\n\n\n\n\n\n\n\n\n\n\n\n\n\n\n \n\n\n\n\nA melhor receita de vaca atolada",
    "data": "2019-10-28T17:48:45+00:00",
    "tempo_preparo": "Até 2 horas",
    "dificuldade": "média",
    "ingredientes": "Massa: 3 ovos 1 xícara de chá de leite 1 xícara de chá de açúcar 1/2 xícara de chá de óleo 1 xícara de chá de chocolate em pó 2 xícaras de chá de farinha de trigo 1 colher de sopa de fermento Recheio:  1 lata de leite condensado 1 colher de sopa de margarina 100 g de coco ralado Cobertura: 8 colheres de sopa de açúcar 2 colheres de sopa de chocolate em pó 3 colheres de sopa de margarina 2 xícaras de chá de leite Leite de coco para molhar o bolo"
}