{
    "url": "https://www.receitadahora.com/bolos/bolo-de-limao-com-casquinha-de-acucar/",
    "titulo": "Bolo de limão com casquinha de açúcar - Receita da Hora",
    "descricao": "Saiba como fazer Bolo de limão com casquinha de açúcar. Uma receita de Bolos simples, fácil e muito gostosa. Acesse o nosso site e aprenda hoje mesmo diversas receitas.",
    "texto": "Bolo de limão com casquinha de açúcar\n\n\n\n\nCOMPARTILHE\n \n\n\n\n\n\n\n\n\n\n\n\n\n\n\n\n\n\n\nTempo de preparo: \nAté 1 hora\nServe: \nAté 10 porções\nDificuldade: \nfácil\n\n\n\n\n\n\nDescubra como preparar Bolo de limão com casquinha de açúcar\n\n\nQue tal fazer um bolo delicioso para tomar aquele café da tarde junto com um amigo? Essa receita de \nbolo de limão com casquinha de açúcar\n é com certeza a melhor escolha. Esse \nbolo de limão com casquinha de açúcar\n é com certeza o melhor que você já experimentou. O melhor de tudo é que esse \nbolo de limão com casquinha de açúcar\n é muito simples de ser feito e você pode fazer a qualquer momento. Esse bolo é perfeito para tomar junto com um café coado na hora fica simplesmente perfeito. Além disso você pode comer esse bolo de limão com ou sem cobertura, e ele fica delicioso com qualquer tipo de cobertura ou recheio ele ficará maravilhoso.\n\n\n\n\n\n\n\n\n\n\n\n\n\n\n\n\n\n\n\n\n\n\n\n\nBolo de limão com casquinha de açúcar\n\n\n \n\n\n\n\n\n\nINGREDIENTES\n\n\n\n\nMassa:\n1 xícara de leite\n1 colher de sopa de fermento em pó\n2 xícara farinha de trigo\n2 xícara açúcar\n3 ovos\nCobertura: \n1 xícara de açúcar para a calda\nraspas e suco de alguns limões\n \n\n\nMODO DE PREPARO\n\n\n\n\nBata as claras em neve, reserve.\nBata as gemas e acrescente leite quente aos poucos alternando com o açucar, depois coloque a farinha de trigo aos poucos também com o fermento em pó.\nMisture as gemas batidas com os demais ingredientes com as claras em neve.\nRaspe a casca dos limões\nColocar em forma retangular, untada com margarina e farinha de trigo\nAssar em forno moderado até ficar douradinho\nCobertura:\nretirado o bolo do forno e o bolo quente ainda, coloque mais ou menos uma 1 xicara de açucar numa tigela e vá espremendo os limões até formar uma caldinha.\nColocar por cima do bolo e voltar pro forno já desligado porém quente ainda, para secar um pouco essa calda.\n \n\n\t\t\t\t\t\t\tGostou dessa receita? Então vai dar uma olhada nas nossas \nreceitas de bolo\n! Temos uma variedade muito grande de receitas que com certeza vocês vão adorar.\t\t\t\t\n\n\n\n\n\n\n\n\n\n\nVeja Também\n\n\n\n\n\n\n\n\n\n\n\n\n \n\n\n\n\nMolho branco em 2 passos – Rápido e delicioso!\n\n\n\n\n\n\n\n\n\n\n\n\n\n\n\n\n \n\n\n\n\nPavê simples e rápido\n\n\n\n\n\n\n\n\n\n\n\n\n\n\n\n\n \n\n\n\n\nReceita de pão de queijo fácil\n\n\n\n\n\n\n\n\n\n\n\n\n\n\n\n\n \n\n\n\n\nO melhor café cremoso simples\n\n\n\n\n\n\n\n\n\n\n\n\n\n\n\n\n \n\n\n\n\nReceita de bolo de milho cremoso\n\n\n\n\n\n\n\n\n\n\n\n\n\n\n\n\n \n\n\n\n\nMúsculo na panela de pressão",
    "data": "2020-01-23T18:24:07+00:00",
    "tempo_preparo": "Até 1 hora",
    "dificuldade": "fácil",
    "ingredientes": "Massa: 1 xícara de leite 1 colher de sopa de fermento em pó 2 xícara farinha de trigo 2 xícara açúcar 3 ovos Cobertura:  1 xícara de açúcar para a calda raspas e suco de alguns limões"
}