{
    "url": "https://www.receitadahora.com/bolos/bolo-de-fuba-com-goiabada-fofinha/",
    "titulo": "Bolo de fubá com goiabada fofinha - Receita da Hora",
    "descricao": "Saiba como fazer Bolo de fubá com goiabada fofinha. Uma receita de Bolos simples, fácil e muito gostosa. Acesse o nosso site e aprenda hoje mesmo diversas receitas.",
    "texto": "Bolo de fubá com goiabada fofinha\n\n\n\n\nCOMPARTILHE\n \n\n\n\n\n\n\n\n\n\n\n\n\n\n\n\n\n\n\nTempo de preparo: \n40 minutos\nServe: \n10 porções\nDificuldade: \nmédia\n\n\n\n\n\n\nVeja como fazer bolo de fubá com goiabada fofinha\n\n\nA palavra fubá é herdada dos africanos para designar farinha, e quem foi responsável pela utilização intensa do milho foram os portugueses, eles transformaram a farinha produzida assim em deliciosos pratos como: papas, mingaus, pudins, broas, creme de milho e outras. E aqui no Brasil o bolo de fubá é muito feito em todas as casas, é maravilhoso em um café da manhã ou café da tarde junto com um café quente ou um chá. Uma variação do bolo de fubá é o bolo de fuba com goiabada, sua massa é um pouco mais densa que a normal para que a goiabada não desça para o fundo da forma, e a receita de bolo de fuba com goiabada que você já experimentou.\n\n\n\n\n\n\n\n\n\n\n\n\n\n\n\n\n\n\n\n\n\n\n\n\nBolo de fubá com goiabada fofinha\n\n\n \n\n\n\n\n\n\nINGREDIENTES\n\n\n\n\n1 ovo\n1 copo americano de leite\n1 copo americano de fubá\n1 copo americano de açúcar\n1/2 copo americano de óleo\n1 copo americano farinha de trigo\n1 colher de fermento em pó\ngoiabada em pedaços\n \n\n\nMODO DE PREPARO\n\n\n\n\nMisture todos os ingredientes menos a goiabada e o fermento no liquidificador.\nAdicione o fermento e pulse 3 vezes o liquidificador.\nColoque a massa em uma forma untada.\nColoque os pedaços de goiabada sortidos na massa e espere afundar.\nAsse em fogo médio, preaquecido por 40 minutos.\n \n\n\nDicas para você:\n\r\n\r\nPara seu bolo de fubá com goiabada ficar perfeito sempre preste muita atenção na densidade da massa, ela precisa estar mais grossinha para que a goiabada não desça e queime no fundo da forma.\t\t\t\t\n\n\n\n\n\n\n\n\n\n\nVeja Também\n\n\n\n\n\n\n\n\n\n\n\n\n \n\n\n\n\nTempero para espetinho\n\n\n\n\n\n\n\n\n\n\n\n\n\n\n\n\n \n\n\n\n\nPão caseiro facil e prático\n\n\n\n\n\n\n\n\n\n\n\n\n\n\n\n\n \n\n\n\n\nA melhor receita de sorvete caseiro\n\n\n\n\n\n\n\n\n\n\n\n\n\n\n\n\n \n\n\n\n\nPanqueca americana fofinha\n\n\n\n\n\n\n\n\n\n\n\n\n\n\n\n\n \n\n\n\n\nMousse de limão com gelatina\n\n\n\n\n\n\n\n\n\n\n\n\n\n\n\n\n \n\n\n\n\nO melhor cuscuz de frango",
    "data": "2019-10-28T17:41:21+00:00",
    "tempo_preparo": "40 minutos",
    "dificuldade": "média",
    "ingredientes": "1 ovo 1 copo americano de leite 1 copo americano de fubá 1 copo americano de açúcar 1/2 copo americano de óleo 1 copo americano farinha de trigo 1 colher de fermento em pó goiabada em pedaços"
}