{
    "url": "https://www.receitadahora.com/bolos/bolo-salgado-simples/",
    "titulo": "Bolo salgado simples de legumes - Receita da Hora",
    "descricao": "Saiba como fazer Bolo salgado simples de legumes. Uma receita de Bolos simples, fácil e muito gostosa. Acesse o nosso site e aprenda hoje mesmo diversas receitas.",
    "texto": "Bolo salgado simples de legumes\n\n\n\n\nCOMPARTILHE\n \n\n\n\n\n\n\n\n\n\n\n\n\n\n\n\n\n\n\nTempo de preparo: \nAté 1 hora\nServe: \nAté 10 porções\nDificuldade: \nFácil\n\n\n\n\n\n\nComo fazer bolo salgado simples\n\n\nVocê é fã da simplicidade? Está no lugar certo. Aqui você irá aprender a fazer um delicioso \nbolo salgado simples\n, com ingredientes fáceis e práticos, sem muito segredo.\n\n\n\n\n\n\n\n\n\n\n\n\n\n\n\n\n\n\n\n\n\n\n\n\nO \nbolo salgado simples\n pode ser servido como lanche ou até mesmo como prato principal devido ao seu recheio, que pode ser de sua preferência, com o que mais gostar! Aproveite nossas \nreceitas de bolos\n e divirta-se!\n\n\n\n\n\n\n\n\n\n\n\n\n\n\n\n\nIngredientes – Bolo salgado simples\n\n\n1 1/2 xícaras (chá) de farinha de trigo\n\n\n1/2 xícara (chá) de óleo de canola\n\n\n1 colher (sopa) de fermento biológico em pó\n\n\n2 unidades de ovo\n\n\n1 colher (sopa) de orégano\n\n\n1 colher (sopa) de sal\n\n\n4 colheres (sopa) de polpa de tomate\n\n\n1 vidro de palmito picado\n\n\n1 lata de ervilha em conserva\n\n\n1 lata de milho verde bem escorrido\n\n\n1 lata de atum ralado ao natural\n\n\n6 unidades de azeitona verde\n\n\n1/2 xícara (chá) de salsinha picada\n\n\nSal a gosto\n\n\n1 xícara (chá) de leite\n\n\nModo de preparo – Bolo salgado simples\n\n\n1. Em um recipiente, coloque todos os ingrediente do recheio e misture bem.\n\n\n2. Em outra tigela, misture os ingredientes para a massa.\n\n\n3. Junte o recheio com a massa. Despeje tudo, em uma assadeira de furo central untada com creme vegetal e polvilhada com farinha de rosca.\n\n\n4. Leve ao forno pré aquecido (200°C) por aproximadamente 30 minutos ou até que espetando um palito, este saia limpo.\n\n\n\n\n \n\n\n\n\n\n\n\t\t\t\t\t \r\n\n \n\n\n\n\n\n\n\n\n\n\nVeja Também\n\n\n\n\n\n\n\n\n\n\n\n\n \n\n\n\n\nBolo de fubá simples e delicioso\n\n\n\n\n\n\n\n\n\n\n\n\n\n\n\n\n \n\n\n\n\nO melhor assado de panela\n\n\n\n\n\n\n\n\n\n\n\n\n\n\n\n\n \n\n\n\n\nBolo de iogurte de kefir delicioso\n\n\n\n\n\n\n\n\n\n\n\n\n\n\n\n\n \n\n\n\n\nMassa de pastel simples\n\n\n\n\n\n\n\n\n\n\n\n\n\n\n\n\n \n\n\n\n\nHambúrguer em apenas 3 passos\n\n\n\n\n\n\n\n\n\n\n\n\n\n\n\n\n \n\n\n\n\nReceita de massa de pizza em 6 passos",
    "data": "2019-11-13T00:15:06+00:00",
    "tempo_preparo": "Até 1 hora",
    "dificuldade": "Fácil",
    "ingredientes": null
}