{
    "url": "https://www.receitadahora.com/bolos/bolo-de-maca-de-liquidificador-muito-gostoso/",
    "titulo": "Bolo de maçã de liquidificador muito gostoso - Receita da Hora",
    "descricao": "Saiba como fazer Bolo de maçã de liquidificador muito gostoso. Uma receita de Bolos simples, fácil e muito gostosa. Acesse o nosso site e aprenda hoje mesmo diversas receitas.",
    "texto": "Bolo de maçã de liquidificador muito gostoso\n\n\n\n\nCOMPARTILHE\n \n\n\n\n\n\n\n\n\n\n\n\n\n\n\n\n\n\n\nTempo de preparo: \nAté 1 hora\nServe: \nMais de 10 porções\nDificuldade: \nFácil\n\n\n\n\n\n\nReceita bolo de maçã de liquidificador\n\n\nO melhor \nbolo de maçã de liquidificador\n você encontra aqui nesse passo a passo. Muito simples de preparar e bem rápido, é uma sobremesa perfeita para qualquer momento. Aproveitar com a família deixa ainda melhor, com essa receita de \nbolo de maçã de liquidificador\n. Aposte nessa delícia e se surpreenda com seu sabor. Em suma, saiba como fazer \nbolo de maçã de liquidificador\n e aproveite!\n\n\n\n\n\n\n\n\n\n\n\n\n\n\n\n\n\n\n\n\n\n\n\n\nReceita de bolo de maçã de liquidificador\n\n\n \n\n\n\n\n\n\nINGREDIENTES\n\n\n\n\n4 unidades de maçã sem casca\n3 unidades de ovo\n1 xícara (chá) de óleo de soja\n2 xícaras (chá) de farinha de trigo\n2 xícaras (chá) de açúcar\n1 colher (sopa) de fermento químico em pó\n \n\n\nMODO DE PREPARO\n\n\n\n\n1. Bater no liquidificador: 1 maçã, os ovos e o óleo. Reserve.\n2. Numa tigela junte os ingredientes secos, a massa do liquidificador e as outras três maças picadas e por cima da massa coloque 1 xícara de açúcar cristal misturada com canela á gosto.\n3. Coloque numa forma redonda untada e polvilhada. Leve para assar, por aproximadamente 30 a 45 minutos, vai depender do forno.\n \n\n\n\n\n\n\n\n\n\n\n\n\nVeja Também\n\n\n\n\n\n\n\n\n\n\n\n\n \n\n\n\n\nBolo de banana simples\n\n\n\n\n\n\n\n\n\n\n\n\n\n\n\n\n \n\n\n\n\nBolo de cenoura receita em 55 minutos\n\n\n\n\n\n\n\n\n\n\n\n\n\n\n\n\n \n\n\n\n\nSalpicão de frango\n\n\n\n\n\n\n\n\n\n\n\n\n\n\n\n\n \n\n\n\n\nEscondidinho de carne moída com batata\n\n\n\n\n\n\n\n\n\n\n\n\n\n\n\n\n \n\n\n\n\nBolinho de chuva sem fermento\n\n\n\n\n\n\n\n\n\n\n\n\n\n\n\n\n \n\n\n\n\nTorta de liquidificador de frango em 60 minutos",
    "data": "2020-11-12T21:15:16+00:00",
    "tempo_preparo": "Até 1 hora",
    "dificuldade": "Fácil",
    "ingredientes": "4 unidades de maçã sem casca 3 unidades de ovo 1 xícara (chá) de óleo de soja 2 xícaras (chá) de farinha de trigo 2 xícaras (chá) de açúcar 1 colher (sopa) de fermento químico em pó"
}