{
    "url": "https://www.receitadahora.com/bolos/bolo-de-mandioca-ralada-simples/",
    "titulo": "Bolo de mandioca ralada simples - Receita da Hora",
    "descricao": "Saiba como fazer Bolo de mandioca ralada simples. Uma receita de Bolos simples, fácil e muito gostosa. Acesse o nosso site e aprenda hoje mesmo diversas receitas.",
    "texto": "Bolo de mandioca ralada simples\n\n\n\n\nCOMPARTILHE\n \n\n\n\n\n\n\n\n\n\n\n\n\n\n\n\n\n\n\nTempo de preparo: \nAté 1 hora\nServe: \nMais de 10 porções\nDificuldade: \nFácil\n\n\n\n\n\n\nSaiba como preparar bolo de mandioca ralada\n\n\nA mandioca já é presente em diversas receitas, sendo usada de formas e com ingredientes diferentes. Presente em massas, como acompanhamento e até mesmo pura, essa receita de bolo irá te surpreender! Seu preparo simples e delicioso acompanha muito bem um café forte. Em suma, aprenda \ncomo fazer bolo de mandioca ralada\n!\n\n\n\n\n\n\n\n\n\n\n\n\n\n\n\n\n\n\n\n\n\n\n\n\nReceita de bolo de mandioca ralada\n\n\n \n\n\n\n\n\n\nINGREDIENTES\n\n\n\n\n4 unidades de ovo\n2 xícaras (chá) de açúcar\n1 kg de mandioca (aipim ou macaxeira) crua ralada\n1 coco médio triturado\n1/2 xícara (chá) de leite morno\n100 gramas de margarina derretida\n1 colher (chá) de sal\n1 colher (sopa) de fermento químico em pó\nCoco em tiras para decorar\n \n\n\nMODO DE PREPARO\n\n\n\n\n1. Bata as claras em neve e adicione as gemas, uma a uma. Acrescente o açúcar, a mandioca, o coco e o leite, misturando delicadamente.\n2. Junte a margarina, o sal e o fermento.\n3. Coloque em uma forma média untada e asse em forno, preaquecido, a 180 ºC por cerca de 30 minutos.\n4. Desenforme e decore com tiras de coco.\n \n\n\n\n\n\n\n\n\n\n\n\n\nVeja Também\n\n\n\n\n\n\n\n\n\n\n\n\n \n\n\n\n\nMassa de pizza em 8 minutos – Rápida e saborosa\n\n\n\n\n\n\n\n\n\n\n\n\n\n\n\n\n \n\n\n\n\nReceita de torta de carne moida em 3 passos\n\n\n\n\n\n\n\n\n\n\n\n\n\n\n\n\n \n\n\n\n\nA melhor sopa de lentilha\n\n\n\n\n\n\n\n\n\n\n\n\n\n\n\n\n \n\n\n\n\nCheesecake receita original\n\n\n\n\n\n\n\n\n\n\n\n\n\n\n\n\n \n\n\n\n\nTorta de frango com massa podre\n\n\n\n\n\n\n\n\n\n\n\n\n\n\n\n\n \n\n\n\n\nO melhor pudim de doce de leite",
    "data": "2020-02-07T16:13:23+00:00",
    "tempo_preparo": "Até 1 hora",
    "dificuldade": "Fácil",
    "ingredientes": "4 unidades de ovo 2 xícaras (chá) de açúcar 1 kg de mandioca (aipim ou macaxeira) crua ralada 1 coco médio triturado 1/2 xícara (chá) de leite morno 100 gramas de margarina derretida 1 colher (chá) de sal 1 colher (sopa) de fermento químico em pó Coco em tiras para decorar"
}