{
    "url": "https://www.receitadahora.com/bolos/bolo-de-chocolate-sem-ovo/",
    "titulo": "Bolo de chocolate sem ovo - Receita da Hora",
    "descricao": "Saiba como fazer Bolo de chocolate sem ovo. Uma receita de Bolos simples, fácil e muito gostosa. Acesse o nosso site e aprenda hoje mesmo diversas receitas.",
    "texto": "Bolo de chocolate sem ovo\n\n\n\n\nCOMPARTILHE\n \n\n\n\n\n\n\n\n\n\n\n\n\n\n\n\n\n\n\nTempo de preparo: \n40 minutos\nServe: \n20 porções\nDificuldade: \nfácil\n\n\n\n\n\n\nDescubra como fazer bolo de chocolate sem ovo\n\n\nUm dos bolos preferidos do mundo todo é o bolo de chocolate, porém existe várias versões desse bolo. Mas o começo desse bolo é contado pela a história que surgiu  há mais de três séculos, e até hoje é a receita de bolo mais amada. Segundo informações bolo de chocolate nasceu  no Egito Antigo, e mais tarde no período renascentista, a iguaria foi aperfeiçoada pelos romanos, mas independente de onde surgiu sabemos que é uma delicia. Todo o bolo independente de qual seja tem sua base em ovos, leite e farinha de trigo, esses são ingredientes indispensáveis.\n\n\n\n\n\n\n\n\n\n\n\n\n\n\n\n\n\n\n\n\n\n\n\n\nMas em um belo dia você resolve fazer um bolo de chocolate e o único ingrediente que falta é o ovo, o que fazer? Você não precisa desistir da sua receita , isso porque estamos aqui para te ajudar. Separamos uma receita deliciosa de bolo de chocolate sem ovo que irá te surpreender com o sabor.\n\n\n\n\n\n\n\n\n\n\n\n\n\n\nBolo de chocolate sem ovo\n\n\n \n\n\n\n\n\n\nINGREDIENTES\n\n\n\n\n2 xícaras de açúcar\n1 xícara de óleo\n2 xícaras de leite\n1 e 1/2 xícara de achocolatado em pó\n1 colher de sobremesa de fermento em pó\n2 e 1/2 xícaras de farinha de trigo\n \n\n\nMODO DE PREPARO\n\n\n\n\nBata todos os ingredientes menos o fermento no liquidificador até ficar homogênea.\nAdicione o fermento e mexa até se misturar.\nAsse em forno médio, preaquecido por cerca de 30 minutos.\n \n\n\nDicas para você:\n\r\n\r\nPara a cobertura você pode fazer um brigadeiro comum e colocar por cima ou servir mesmo sem cobertura.\t\t\t\t\n\n\n\n\n\n\n\n\n\n\nVeja Também\n\n\n\n\n\n\n\n\n\n\n\n\n \n\n\n\n\nO melhor café cremoso simples\n\n\n\n\n\n\n\n\n\n\n\n\n\n\n\n\n \n\n\n\n\nLeite condensado cremoso com leite ninho\n\n\n\n\n\n\n\n\n\n\n\n\n\n\n\n\n \n\n\n\n\nO melhor chocolate quente\n\n\n\n\n\n\n\n\n\n\n\n\n\n\n\n\n \n\n\n\n\nA melhor batata recheada\n\n\n\n\n\n\n\n\n\n\n\n\n\n\n\n\n \n\n\n\n\nReceita de yakissoba com frango e legumes\n\n\n\n\n\n\n\n\n\n\n\n\n\n\n\n\n \n\n\n\n\nGeladinho de paçoca delicioso",
    "data": "2019-10-30T03:11:32+00:00",
    "tempo_preparo": "40 minutos",
    "dificuldade": "fácil",
    "ingredientes": "2 xícaras de açúcar 1 xícara de óleo 2 xícaras de leite 1 e 1/2 xícara de achocolatado em pó 1 colher de sobremesa de fermento em pó 2 e 1/2 xícaras de farinha de trigo"
}