{
    "url": "https://www.receitadahora.com/bolos/bolo-de-chocolate-simples/",
    "titulo": "Bolo de chocolate simples e fofinho - O mais gostoso! - Receita da Hora",
    "descricao": "Saiba como fazer Bolo de chocolate simples e fofinho - O mais gostoso!. Uma receita de Bolos simples, fácil e muito gostosa. Acesse o nosso site e aprenda hoje mesmo diversas receitas.",
    "texto": "Bolo de chocolate simples e fofinho – O mais gostoso!\n\n\n\n\nCOMPARTILHE\n \n\n\n\n\n\n\n\n\n\n\n\n\n\n\n\n\n\n\nTempo de preparo: \nAté 1 hora\nServe: \nAté 10 porções\nDificuldade: \nFácil\n\n\n\n\n\n\nSaiba como fazer bolo de chocolate\n\n\nSe tem uma\n receita de bolo\n que aquece o coração de todos, é de\n como fazer bolo de chocolate\n. Com a massa fofinha, aquele delicioso sabor de chocolate e uma boa companhia, não há nada melhor!\n\n\n\n\n\n\n\n\n\n\n\n\n\n\n\n\n\n\n\n\n\n\n\n\n\n\n\n\n\n\n\n\n\n\n\n\n\n\nIngredientes – Como fazer bolo de chocolate\n\n\n1 xícara (chá) de leite\n\n\n1 xícara (chá) de óleo\n\n\n2 ovos\n\n\n1 e 1/2 xícara (chá) de farinha de trigo\n\n\n1/2 xícara (chá) de amido de milho\n\n\n1/2 xícara (chá) de açúcar\n\n\n1 e 1/2 xícara (chá) de achocolatado em pó\n\n\n1 colher (sopa) de fermento em pó\n\n\n1 pitada de bicarbonato de sódio (opcional)\n\n\nCalda\n\n\n4 colheres (sopa) de açúcar\n\n\n6 colheres (sopa) de achocolatado em pó\n\n\n3 colheres (sopa) de margarina\n\n\n2 colheres (sopa) de leite\n\n\nModo de preparo\n\n\n\n\n\n\n1. Pré-aqueça o forno em temperatura média (180° C). Unte e enfarinhe uma fôrma de furo central média.\n\n2. No copo do liquidificador, coloque o leite, o óleo e os ovos, e bata rapidamente até ficar homogêneo.\n\n3. Junte a farinha de trigo, o amido de milho, o açúcar, o achocolatado, o fermento e o bicarbonato, e misture a massa. Se necessário mexa com o auxílio de uma colher antes de bater novamente.\n\n4. Disponha a massa na fôrma reservada e leve ao forno por 35 minutos, ou até que um palito, depois de espetado na massa saia limpo.\n\n5. Em uma panela pequena coloque o açúcar, o achocolatado, a margarina e o leite, e misture bem. Leve ao fogo baixo e deixe cozinhar por 5 minutos, mexendo sempre, até encorpar.\n\n6. Retire o bolo do forno, espere amornar, desenforme e cubra com a calda.\n\n\n\n\n\n\n\n\n\n\n \n\n\n\n\n\n\n\t\t\t\t\t \r\n\n\n\n \n\n\n\n\n\n\n\n\n\n\nVeja Também\n\n\n\n\n\n\n\n\n\n\n\n\n \n\n\n\n\nBrigadeiro de leite ninho fácil e delicioso\n\n\n\n\n\n\n\n\n\n\n\n\n\n\n\n\n \n\n\n\n\nO purê de batata mais cremoso em apenas 20 minutos\n\n\n\n\n\n\n\n\n\n\n\n\n\n\n\n\n \n\n\n\n\nReceita de pizza com massa de liquidificador em 30 minutos\n\n\n\n\n\n\n\n\n\n\n\n\n\n\n\n\n \n\n\n\n\nPamonha assada\n\n\n\n\n\n\n\n\n\n\n\n\n\n\n\n\n \n\n\n\n\nReceita de brigadeirão para toda a família\n\n\n\n\n\n\n\n\n\n\n\n\n\n\n\n\n \n\n\n\n\nDelicioso bolo de mandioca crua",
    "data": "2019-11-28T00:39:53+00:00",
    "tempo_preparo": "Até 1 hora",
    "dificuldade": "Fácil",
    "ingredientes": null
}