{
    "url": "https://www.receitadahora.com/bolos/bolo-de-cenoura-super-fofinho/",
    "titulo": "Bolo de cenoura super fofinho - Receita da Hora",
    "descricao": "Saiba como fazer Bolo de cenoura super fofinho. Uma receita de Bolos simples, fácil e muito gostosa. Acesse o nosso site e aprenda hoje mesmo diversas receitas.",
    "texto": "Bolo de cenoura super fofinho\n\n\n\n\nCOMPARTILHE\n \n\n\n\n\n\n\n\n\n\n\n\n\n\n\n\n\n\n\nTempo de preparo: \nAté 1 hora\nServe: \nAté 10 porções\nDificuldade: \nfácil\n\n\n\n\n\n\nAprenda a preparar bolo de cenoura\n\n\nQue tal fazer um bolo delicioso para tomar aquele café da tarde junto com um amigo? Essa receita de \nbolo de cenoura\n é com certeza a melhor escolha. Esse \nbolo de cenoura\n é com certeza o melhor que você já experimentou. O melhor de tudo é que esse \nbolo de cenoura\n é muito simples de ser feito e você pode fazer a qualquer momento. Esse bolo é perfeito para tomar junto com um café coado na hora fica simplesmente perfeito. Além disso você pode comer esse \nbolo de cenoura\n com ou sem cobertura, e ele fica delicioso com qualquer tipo de cobertura ou recheio ele ficará maravilhoso.\n\n\n\n\n\n\n\n\n\n\n\n\n\n\n\n\n\n\n\n\n\n\n\n\nbolo de cenoura\n\n\n \n\n\n\n\n\n\nINGREDIENTES\n\n\n\n\n1 xícara de óleo\n1 colher de sopa de fermento em pó\n1 pitada de sal\n2 xícaras de farinha de trigo\n2 xícaras de açúcar\n3 cenouras médias raspadas e picadas\n3 ovos\n \n\n\nMODO DE PREPARO\n\n\n\n\nBata no liquidificador todos os ingredientes, acrescentando a farinha aos poucos.\nDepois unte e enfarinhe uma forma e despeje a massa nela. Asse em forno médio por cerca de 40 minutos. Tire do forno, espere amornar e desenforme.\n \n\n\t\t\t\t\t\t\tGostou dessa receita? Então vai dar uma olhada nas nossas\n receitas de bolo\n! Temos uma variedade muito grande de receitas que com certeza vocês vão adorar.\t\t\t\t\n\n\n\n\n\n\n\n\n\n\nVeja Também\n\n\n\n\n\n\n\n\n\n\n\n\n \n\n\n\n\nMúsculo na panela de pressão\n\n\n\n\n\n\n\n\n\n\n\n\n\n\n\n\n \n\n\n\n\nCaipirinha de limão\n\n\n\n\n\n\n\n\n\n\n\n\n\n\n\n\n \n\n\n\n\nDoce de abobora com 4 ingredientes\n\n\n\n\n\n\n\n\n\n\n\n\n\n\n\n\n \n\n\n\n\nCarne de sol para você fazer de forma simples\n\n\n\n\n\n\n\n\n\n\n\n\n\n\n\n\n \n\n\n\n\nA melhor receita de panetone\n\n\n\n\n\n\n\n\n\n\n\n\n\n\n\n\n \n\n\n\n\nChantili cremoso de chocolate",
    "data": "2020-01-23T18:26:28+00:00",
    "tempo_preparo": "Até 1 hora",
    "dificuldade": "fácil",
    "ingredientes": "1 xícara de óleo 1 colher de sopa de fermento em pó 1 pitada de sal 2 xícaras de farinha de trigo 2 xícaras de açúcar 3 cenouras médias raspadas e picadas 3 ovos"
}