{
    "url": "https://www.receitadahora.com/bolos/bolo-de-cenoura-com-brigadeiro/",
    "titulo": "Bolo de cenoura com brigadeiro - Receita da Hora",
    "descricao": "Saiba como fazer Bolo de cenoura com brigadeiro. Uma receita de Bolos simples, fácil e muito gostosa. Acesse o nosso site e aprenda hoje mesmo diversas receitas.",
    "texto": "Bolo de cenoura com brigadeiro\n\n\n\n\nCOMPARTILHE\n \n\n\n\n\n\n\n\n\n\n\n\n\n\n\n\n\n\n\nTempo de preparo: \nAté 1 hora\nServe: \nAté 10 porções\nDificuldade: \nmédia\n\n\n\n\n\n\nDescubra como fazer bolo de cenoura com brigadeiro\n\n\nExiste doce melhor que bolo de cenoura com chocolate? Com certeza não. Então que tal juntar esse bolo delicioso com um doce brasileiro que é o brigadeiro? Essa receita de \nbolo de cenoura com brigadeiro\n é simplesmente delicioso e é o melhor doce que você já comeu na sua vida. Esse\n bolo de cenoura com brigadeiro\n possui brigadeiros dentro da passa o que torna a experiência de comer esse bolo ainda mais deliciosa e você com certeza vai amar.\n\n\n\n\n\n\n\n\n\n\n\n\n\n\n\n\n\n\n\n\n\n\n\n\nBolo de cenoura com brigadeiro\n\n\nEsse bolo além de delicioso ele rende bastante, por isso é uma ótima opção para chamar os amigos para comerem junto com você. Essa receita surpreende com seu sabor e sua praticidade.\n\n\n\n\n\n\n\n\n\n\n\n\n\n\n \n\n\n\n\n\n\nINGREDIENTES\n\n\n\n\n2 ovos\n1 xícara de farinha de trigo\n1 xícara de açúcar\n2 cenouras grandes\n1/2 colher de sopa de fermento em pó\n2 cenouras grandes\nbrigadeiros já enrolados \n \n\n\nMODO DE PREPARO\n\n\n\n\nMisture os ingredientes secos numa travessa e misture.\nBata a cenoura com o óleo e os ovos no liquidificador.\nAdicione a mistura da cenoura na travessa com os ingredientes secos e mexa até virar uma massa homogênea.\nColoque em uma forna untada e enfarinhada.\nPasse os brigadeiros na farinha de trigo, retire o excesso de farinha e coloque sobre a massa.\nLeve ao forno médio, preaquecido por aproximadamente 1 hora.\nEspere esfriar e desenforme.\n \n\n\t\t\t\t\t\t\tSe você quiser fazer uma \ncalda de chocolate\n para seu bolo temos aqui uma deliciosa no receita da hora. Além desse bolo também temos várias\n receitas de bolo\n incríveis.\t\t\t\t\n\n\n\n\n\n\n\n\n\n\nVeja Também\n\n\n\n\n\n\n\n\n\n\n\n\n \n\n\n\n\nReceita de carne de panela em 60 minutos\n\n\n\n\n\n\n\n\n\n\n\n\n\n\n\n\n \n\n\n\n\nPão de alho cremoso\n\n\n\n\n\n\n\n\n\n\n\n\n\n\n\n\n \n\n\n\n\nA melhor receita de cobertura para bolo\n\n\n\n\n\n\n\n\n\n\n\n\n\n\n\n\n \n\n\n\n\nDelicioso beijinho de leite ninho prático\n\n\n\n\n\n\n\n\n\n\n\n\n\n\n\n\n \n\n\n\n\nCheesecake tradicional americana\n\n\n\n\n\n\n\n\n\n\n\n\n\n\n\n\n \n\n\n\n\nPrática calda de pudim caseira",
    "data": "2019-11-10T19:21:09+00:00",
    "tempo_preparo": "Até 1 hora",
    "dificuldade": "média",
    "ingredientes": "2 ovos 1 xícara de farinha de trigo 1 xícara de açúcar 2 cenouras grandes 1/2 colher de sopa de fermento em pó 2 cenouras grandes brigadeiros já enrolados"
}