{
    "url": "https://www.receitadahora.com/bolos/bolo-cocada-muito-gostoso/",
    "titulo": "Bolo cocada muito gostoso - Receita da Hora",
    "descricao": "Saiba como fazer Bolo cocada muito gostoso. Uma receita de Bolos simples, fácil e muito gostosa. Acesse o nosso site e aprenda hoje mesmo diversas receitas.",
    "texto": "Bolo cocada muito gostoso\n\n\n\n\nCOMPARTILHE\n \n\n\n\n\n\n\n\n\n\n\n\n\n\n\n\n\n\n\nTempo de preparo: \nAté 1 hora\nServe: \nAté 10 porções\nDificuldade: \nmédia\n\n\n\n\n\n\nComo fazer bolo cocada\n\n\nEstá afim de uma sobremesa deliciosa e super leve? Que tal fazer um \nbolo cocada\n para sua sobremesa? Essa receita de \nbolo cocada\n é simplesmente deliciosa e o melhor de tudo é que é muito simples de ser feita. Essa sobremesa é a escolha perfeita para fazer para aquele almoço em família que com certeza todos vão adorar ou até mesmo fazer para comer quando está com vontade de comer um doce.\n\n\n\n\n\n\n\n\n\n\n\n\n\n\n\n\n\n\n\n\n\n\n\n\nBolo cocada\n\n\nEsse \nbolo cocada\n é delicioso para comer em qualquer momento e com certeza vai fazer o maior sucesso. Essa receita de \nbolo cocada\n é tão deliciosa é que com certeza você vai querer fazer muitas outras vezes, todos vão amar essa receita e toda sua família e amigos vão amar.\n\n\n\n\n\n\n\n\n\n\n\n\n\n\n \n\n\n\n\n\n\nINGREDIENTES\n\n\n\n\n1/2 xícara de leite \n1/3 de xícara de farinha de trigo \n1/3 xícara de açúcar \n1 colher de sopa de manteiga em temperatura ambiente\n1 lata e 1/2 de leite condensado\n2 xícaras de coco fresco ralado \n2 colheres de chá de fermento químico em pó\n2 ovos\n \n\n\nMODO DE PREPARO\n\n\n\n\nBolo:\nEm uma tigela misture o açúcar com os ovos e a manteiga até ficar bem homogêneo.\nAdicione metade do leite condensado, 3/4 do coco fresco, a farinha de trigo e o o leite de coco.\nMisture bem até ficar homogêneo.\nAcrescente o fermento e mexa delicadamente até estar bem misturado na massa.\nespeje essa massa em uma forma untada e enfarinhada\nEm seguida leve ao forno médio preaquecido, por aproximadamente 50 minutos.\nDepois que o bolo estiver assado, não abra o forno por no minimo 1 hora, para o bolo cocada não murchar.\nCalda:\nEm uma panela coloque o restante do leite condensado, do coco fresco ralado e o leite.\nMexa sem parar em fogo médio.\nDepois que levantar fervura, deixe cozinhar por mais 3 minutos.\nPara finalizar, despeje sobre o bolo já desenformado e vá espalhando sobre o bolo cocada.\n \n\n\t\t\t\t\t\t\tGostou dessa receita? Então vai dar uma olhada nas nossas \nreceitas de bolo\n! Temos uma variedade muito grande de receitas que com certeza vocês vão adorar.\t\t\t\t\n\n\n\n\n\n\n\n\n\n\nVeja Também\n\n\n\n\n\n\n\n\n\n\n\n\n \n\n\n\n\nTempero para feijão\n\n\n\n\n\n\n\n\n\n\n\n\n\n\n\n\n \n\n\n\n\nReceita de recheio de prestígio para bolos\n\n\n\n\n\n\n\n\n\n\n\n\n\n\n\n\n \n\n\n\n\nLasanha de frango deliciosa\n\n\n\n\n\n\n\n\n\n\n\n\n\n\n\n\n \n\n\n\n\nReceita de bolo de caneca prático e delicioso\n\n\n\n\n\n\n\n\n\n\n\n\n\n\n\n\n \n\n\n\n\nA melhor torta Alemã\n\n\n\n\n\n\n\n\n\n\n\n\n\n\n\n\n \n\n\n\n\nCalda de maracujá para mousse",
    "data": "2019-12-19T17:00:20+00:00",
    "tempo_preparo": "Até 1 hora",
    "dificuldade": "média",
    "ingredientes": "1/2 xícara de leite  1/3 de xícara de farinha de trigo  1/3 xícara de açúcar  1 colher de sopa de manteiga em temperatura ambiente 1 lata e 1/2 de leite condensado 2 xícaras de coco fresco ralado  2 colheres de chá de fermento químico em pó 2 ovos"
}