{
    "url": "https://www.receitadahora.com/bolos/bolo-gelado-suflair/",
    "titulo": "O mais gostoso bolo gelado de suflair - Receita da Hora",
    "descricao": "Saiba como fazer O mais gostoso bolo gelado de suflair. Uma receita de Bolos simples, fácil e muito gostosa. Acesse o nosso site e aprenda hoje mesmo diversas receitas.",
    "texto": "O mais gostoso bolo gelado de suflair\n\n\n\n\nCOMPARTILHE\n \n\n\n\n\n\n\n\n\n\n\n\n\n\n\n\n\n\n\nTempo de preparo: \n2 horas + 4 horas de geladeira\nServe: \n18 porções\nDificuldade: \nMédio\n\n\n\n\n\n\nDescubra como fazer bolo gelado de suflair\n\n\nEssa receita de bolo gelado é literalmente de derreter a boca! Quem não gosta de Sulfair e bolo gelado?\n\n\n\n\n\n\n\n\n\n\n\n\n\n\n\n\n\n\n\n\n\n\n\n\nAgora imagina juntar essas duas belezinhas em uma só receita. O bolo gelado serve tanto para sobremesas como para degustar em um lanche da tarde. Se delicie com esse bolo cremoso e fofo!\n\n\n\n\n\n\n\n\n\n\n\n\n\n\n\n\n \n\n\n\n\n\n\nINGREDIENTES\n\n\n\n\n6 ovos (separar claras e gemas)\n1 xícara (chá) de cacau em pó\n2 xícaras (chá) de açúcar\n2 xícaras (chá) de farinha de trigo\n1 xícara (chá) de água quente\n1 colher (sopa) de fermento em pó\nMargarina e farinha de trigo para untar\nPara a calda:\n1 xícara (chá) de licor de cacau\n2 xícaras (chá) de bebida láctea pronta para beber sabor chocolate\nRecheio e cobertura\n4 barras de chocolates tipo Suflair® (520g)\n2 latas de creme de leite\n1/2 xícara (chá) de licor de chocolate\n2 claras\n1 colher (sopa) de emulsificante\n \n\n\nMODO DE PREPARO\n\n\n\n\nBara as claras em neve (recomendado usar uma batedeira).\nAcrescente as gemas, o cacau, o açúcar e a farinha intercalando, com a água. \nRetire da batedeira, acrescente o fermento e misture delicadamente.\nColoque em uma fôrma média, untada e enfarinhada, e leve ao forno médio, preaquecido, por 30 minutos ou até que ao enfiar um palito, ele saia limpo.\nRetire do forno, desenforme, corte a massa ao meio e coloque uma parte em um prato. Para o recheio, derreta o chocolate em banho-maria ou no micro-ondas, (reserve alguns para decorar) misture o creme de leite, o licor e reserve.\nBata na batedeira as claras em neve, adicione o emulsificante e bata até ficar firme. Misture o creme ao chocolate derretido reservado.\nRegue com metade dos ingredientes da calda misturados e coloque por cima metade do recheio. Cubra com a outra parte da massa, regando com o restante dos ingredientes da calda e cobrindo com o restante do creme.\nDecore com os cubos de Suflair® restantes. Leve à geladeira por 4 horas antes de servir.\n \n\n\t\t\t\t\t\t\tO \nbolo\n gelado de Suflair cai muito bem com um cafezinho ou até mesmo acompanhado de um copo de leite puro.\r\n\r\nAgora se delicie com esse bolo gelado de chocolate =)\t\t\t\t\n\n\n\n\n\n\n\n\n\n\nVeja Também\n\n\n\n\n\n\n\n\n\n\n\n\n \n\n\n\n\nCoce de banana em calda com 4 ingredientes\n\n\n\n\n\n\n\n\n\n\n\n\n\n\n\n\n \n\n\n\n\nMangulão\n\n\n\n\n\n\n\n\n\n\n\n\n\n\n\n\n \n\n\n\n\nbrócolis ao vapor muito rápido e pratico\n\n\n\n\n\n\n\n\n\n\n\n\n\n\n\n\n \n\n\n\n\nCocada deliciosa com 4 ingredientes\n\n\n\n\n\n\n\n\n\n\n\n\n\n\n\n\n \n\n\n\n\nA melhor cocada cremosa prática\n\n\n\n\n\n\n\n\n\n\n\n\n\n\n\n\n \n\n\n\n\nA melhor recheio para bolo simples",
    "data": "2019-10-30T21:54:02+00:00",
    "tempo_preparo": "2 horas + 4 horas de geladeira",
    "dificuldade": "Médio",
    "ingredientes": "6 ovos (separar claras e gemas) 1 xícara (chá) de cacau em pó 2 xícaras (chá) de açúcar 2 xícaras (chá) de farinha de trigo 1 xícara (chá) de água quente 1 colher (sopa) de fermento em pó Margarina e farinha de trigo para untar Para a calda: 1 xícara (chá) de licor de cacau 2 xícaras (chá) de bebida láctea pronta para beber sabor chocolate Recheio e cobertura 4 barras de chocolates tipo Suflair® (520g) 2 latas de creme de leite 1/2 xícara (chá) de licor de chocolate 2 claras 1 colher (sopa) de emulsificante"
}