{
    "url": "https://www.receitadahora.com/bolos/bolo-de-laranja-cremoso/",
    "titulo": "Bolo de laranja cremoso - Receita da Hora",
    "descricao": "Saiba como fazer Bolo de laranja cremoso. Uma receita de Bolos simples, fácil e muito gostosa. Acesse o nosso site e aprenda hoje mesmo diversas receitas.",
    "texto": "Bolo de laranja cremoso\n\n\n\n\nCOMPARTILHE\n \n\n\n\n\n\n\n\n\n\n\n\n\n\n\n\n\n\n\nTempo de preparo: \nAté 1 hora\nServe: \nAté 10 porções\nDificuldade: \nmédia\n\n\n\n\n\n\nAprenda a fazer bolo de laranja cremoso\n\n\nO bolo de laranja tradicional já é simplesmente delicioso, então imagine o \nbolo de laranja cremoso\n!! Essa receita de \nbolo de laraja cremoso\n é simplesmente delicioso. Além disso é muito simples de ser feito e você pode fazer em qualquer momento em poucos minutos. Essa receita é perfeita para tomar aquele café da tarde delicioso junto com um café quentinho.\n\n\n\n\n\n\n\n\n\n\n\n\n\n\n\n\n\n\n\n\n\n\n\n\nBolo de laranja cremoso\n\n\nEsse bolo tem a maciez de um bolo tradicional junto com uma cremosidade simplesmente deliciosa que vai deixar seu bolo ainda melhor. Com certeza você vai amar essa receita e vai fazer o maior sucesso.\n\n\n\n\n\n\n\n\n\n\n\n\n\n\n \n\n\n\n\n\n\nINGREDIENTES\n\n\n\n\n4 ovos\n3 xícaras de chá de açúcar\n3 colheres de sopa de farinha de trigo \n2 e 1/2 copos de suco de laranja\n1 colher de sopa de margarina\n2 colheres de sopa de fubá\n1 colher de sopa de fermento em pó\n \n\n\nMODO DE PREPARO\n\n\n\n\nBata todos os ingredientes úmidos no liquidificador.\nMisture o açúcar, a manteiga e bata por 5 minutos.\nColoque os ingredientes do liquidificador em uma tigela e misture os ingredientes secos.\nColoque em uma forma untada.\nLeve para assar em forno médio, preaquecido, por aproximadamente 40 minutos.\n \n\n\t\t\t\t\t\t\tEsse bolo de laranja é sensacional, e além dele aqui temos deliciosas \nreceitas de bolo\n que você com certeza vai adorar.\t\t\t\t\n\n\n\n\n\n\n\n\n\n\nVeja Também\n\n\n\n\n\n\n\n\n\n\n\n\n \n\n\n\n\nSalada de fruta com creme de leite\n\n\n\n\n\n\n\n\n\n\n\n\n\n\n\n\n \n\n\n\n\nBolo salgado no pote para vender\n\n\n\n\n\n\n\n\n\n\n\n\n\n\n\n\n \n\n\n\n\nCouve flor gratinada\n\n\n\n\n\n\n\n\n\n\n\n\n\n\n\n\n \n\n\n\n\nA melhor conserva de ovo de codorna\n\n\n\n\n\n\n\n\n\n\n\n\n\n\n\n\n \n\n\n\n\nReceita fácil de bolinho de chuva salgado\n\n\n\n\n\n\n\n\n\n\n\n\n\n\n\n\n \n\n\n\n\nPeixe ensopado",
    "data": "2019-11-13T00:09:52+00:00",
    "tempo_preparo": "Até 1 hora",
    "dificuldade": "média",
    "ingredientes": "4 ovos 3 xícaras de chá de açúcar 3 colheres de sopa de farinha de trigo  2 e 1/2 copos de suco de laranja 1 colher de sopa de margarina 2 colheres de sopa de fubá 1 colher de sopa de fermento em pó"
}