{
    "url": "https://www.receitadahora.com/bolos/bolo-de-batata-doce-pratico-e-delicioso/",
    "titulo": "Bolo de batata doce prático e delicioso - Receita da Hora",
    "descricao": "Saiba como fazer Bolo de batata doce prático e delicioso. Uma receita de Bolos simples, fácil e muito gostosa. Acesse o nosso site e aprenda hoje mesmo diversas receitas.",
    "texto": "Bolo de batata doce prático e delicioso\n\n\n\n\nCOMPARTILHE\n \n\n\n\n\n\n\n\n\n\n\n\n\n\n\n\n\n\n\nTempo de preparo: \nAté 1 hora\nServe: \nAté 10 porções\nDificuldade: \nFácil\n\n\n\n\n\n\nSaiba como preparar bolo de batata doce\n\n\nVocê já experimentou um bolo de batata? E com batata doce? Por mais diferente que pareça, é uma massa deliciosa e que cai muito bem em qualquer momento do dia. Em suma, aprenda a \ncomo fazer bolo de batata doce \nde forma simples e tenha um resultado saboroso!\n\n\n\n\n\n\n\n\n\n\n\n\n\n\n\n\n\n\n\n\n\n\n\n\n\n\nReceita de bolo de batata doce\n\n\n\n\n \n\n\n\n\n\n\nINGREDIENTES\n\n\n\n\n500 grs de purê de batata doce\n3 ovos médios\n80 grs de manteiga amolecida\n1 1/4 de xícara de farinha de trigo\n1 1/2 de xícara de açúcar\n200 ml de leite de coco\n100 grs de coco ralado\n1 colher (sopa) de extrato de baunilha\n1 colher (sopa) de fermento em pó\n \n\n\nMODO DE PREPARO\n\n\n\n\n1. No liquidificador, bata as gemas, a manteiga, o açúcar e o leite de coco, até ficar uma mistura homogênea. Despeje essa mistura em uma vasilha grande, acrescente a baunilha, o purê de batata doce, o coco ralado, a farinha de trigo e mexa com um fouet até fica uma massa bem homogênea e encorpada.\n2. Bata as claras em neve e envolva-as delicadamente à massa. Por último, acrescente o fermento em pó.\n3. Unte e enfarinhe uma forma, despeje a massa sobre ela e leve ao forno pré aquecido a 180°c por cerca de 40 minutos.\n4. Retire o papel alumínio 5 minutinhos antes de desligar o forno para fazer o teste do palito e verificar se ele está douradinho. \n \n\n\t\t\t\t\t\t\t \r\n\n \n\n\n\n\n\n\n\n\n\n\nVeja Também\n\n\n\n\n\n\n\n\n\n\n\n\n \n\n\n\n\nReceita de pão de ló de chocolate\n\n\n\n\n\n\n\n\n\n\n\n\n\n\n\n\n \n\n\n\n\nMolho de tomate caseiro – Delicioso!\n\n\n\n\n\n\n\n\n\n\n\n\n\n\n\n\n \n\n\n\n\nReceita de canjiquinha da vovó\n\n\n\n\n\n\n\n\n\n\n\n\n\n\n\n\n \n\n\n\n\nBrigadeirão fácil e rápido\n\n\n\n\n\n\n\n\n\n\n\n\n\n\n\n\n \n\n\n\n\nBolo de chocolate para diabéticos\n\n\n\n\n\n\n\n\n\n\n\n\n\n\n\n\n \n\n\n\n\nReceita de bala baiana prática e tradicional",
    "data": "2020-01-08T14:41:57+00:00",
    "tempo_preparo": "Até 1 hora",
    "dificuldade": "Fácil",
    "ingredientes": "500 grs de purê de batata doce 3 ovos médios 80 grs de manteiga amolecida 1 1/4 de xícara de farinha de trigo 1 1/2 de xícara de açúcar 200 ml de leite de coco 100 grs de coco ralado 1 colher (sopa) de extrato de baunilha 1 colher (sopa) de fermento em pó"
}