{
    "url": "https://www.receitadahora.com/bolos/bolo-integral-super-fofinho/",
    "titulo": "Bolo integral super fofinho - Receita da Hora",
    "descricao": "Saiba como fazer Bolo integral super fofinho. Uma receita de Bolos simples, fácil e muito gostosa. Acesse o nosso site e aprenda hoje mesmo diversas receitas.",
    "texto": "Bolo integral super fofinho\n\n\n\n\nCOMPARTILHE\n \n\n\n\n\n\n\n\n\n\n\n\n\n\n\n\n\n\n\nTempo de preparo: \nAté 1 hora\nServe: \nMais de 10 porções\nDificuldade: \nfácil\n\n\n\n\n\n\nSaiba como fazer bolo integral super fofinho\n\n\nEntrar em uma dieta muitas vezes é difícil isso porque quando resolvemos entrar em uma dieta temos que deixar de comer muitas coisas principalmente carboidrato.\n\n\n\n\n\n\n\n\n\n\n\n\n\n\n\n\n\n\n\n\n\n\n\n\nPor exemplo bolos, pães, dentre outras coisas que estão normalmente em sua dieta. Por isso existe algumas receitas que podem te ajudar a não deixar todas delicias de lado, como as receitas integrais.\n\n\n\n\n\n\n\n\n\n\n\n\n\n\nSeparamos uma receita de bolo integral para vocês que é simplesmente delicioso, esse bolo integral ajudará na sua dieta e irá te surpreender com o gosto.\n\n\nBolo integral super fofinho\n\n\n \n\n\n\n\n\n\nINGREDIENTES\n\n\n\n\n3 ovos\n2 xícaras de açúcar \n100 g de margarina\n200 ml de leite com \n30 gotas de essência de baunilha\n1 xícara de farinha de trigo\n1 xícara de farinha de trigo integral\n1 colher de sopa de fermento\n \n\n\nMODO DE PREPARO\n\n\n\n\nAdicione a margarina com o açúcar, a gema e bata na batedeira.\nAcrescente o leite e depois adicione a farinha de trigo e o fermento e bata. \nBata claras em neve e adicione a massa aos poucos de leve.\nEm uma forma untada adicione a massa e asse em forno médio, preaquecido por 40 minutos.\n \n\n\nDicas para você:\n\r\n\r\nO bolo integral fica ótima com um café quentinho para tomar no café da tarde. Você pode polvilhar açúcar refinada em cima do bolo para deixá-lo mais saboroso.\t\t\t\t\n\n\n\n\n\n\n\n\n\n\nVeja Também\n\n\n\n\n\n\n\n\n\n\n\n\n \n\n\n\n\nEstrogonofe de carne simples com frango\n\n\n\n\n\n\n\n\n\n\n\n\n\n\n\n\n \n\n\n\n\nBolo de fubá com goiabada fofinha\n\n\n\n\n\n\n\n\n\n\n\n\n\n\n\n\n \n\n\n\n\nPurê de Batata\n\n\n\n\n\n\n\n\n\n\n\n\n\n\n\n\n \n\n\n\n\nPão de queijo com tapioca\n\n\n\n\n\n\n\n\n\n\n\n\n\n\n\n\n \n\n\n\n\nPudim na panela de arroz\n\n\n\n\n\n\n\n\n\n\n\n\n\n\n\n\n \n\n\n\n\nO melhor peixe grelhado simples",
    "data": "2019-10-29T16:33:27+00:00",
    "tempo_preparo": "Até 1 hora",
    "dificuldade": "fácil",
    "ingredientes": "3 ovos 2 xícaras de açúcar  100 g de margarina 200 ml de leite com  30 gotas de essência de baunilha 1 xícara de farinha de trigo 1 xícara de farinha de trigo integral 1 colher de sopa de fermento"
}