{
    "url": "https://www.receitadahora.com/bolos/bolo-de-cenoura-de-liquidificador-rapido-e-facil/",
    "titulo": "Bolo de Cenoura de liquidificador - Fácil - Receita da Hora",
    "descricao": "Saiba como fazer Bolo de Cenoura de liquidificador - Fácil. Uma receita de Bolos simples, fácil e muito gostosa. Acesse o nosso site e aprenda hoje mesmo diversas receitas.",
    "texto": "Bolo de Cenoura de liquidificador – Fácil\n\n\n\n\nCOMPARTILHE\n \n\n\n\n\n\n\n\n\n\n\n\n\n\n\n\n\n\n\nTempo de preparo: \n60 minutos\nServe: \n12 fatias\nDificuldade: \nFácil\n\n\n\n\n\n\nDescubra como fazer bolo de cenoura de liquidificador\n\n\nQuem não gosta de um belo bolo de cenoura? Pois bem, imagine a praticidade de fazer esse delicioso bolo no liquidificador e em pouquíssimo tempo! Imaginou? Então vamos passar pra você o passo a passo para preparar o melhor bolo de liquidificador que você ja comeu.\n\n\n\n\n\n\n\n\n\n\n\n\n\n\n\n\n\n\n\n\n\n\n\n\nVamos então para o preparo do bolo de cenoura:\n\n\n\n\n\n\n\n\n\n\n\n\n\n\nbolo de cenoura\n\n\n \n\n\n\n\n\n\nINGREDIENTES\n\n\n\n\n2 xícaras (chá) de açúcar\n1 colher (sopa) de fermento em pó\n2 e 1/2 xícaras (chá) de farinha de trigo\n3 cenouras raladas\n4 ovos\n1/2 xícara (chá) de óleo\n \n\n\nMODO DE PREPARO\n\n\n\n\nBata no liquidificador a cenoura, os ovos e o óleo por 5 minutos.\nAcrescente aos poucos o açucar.\nDepois de batido, coloque a mistura em uma tigela, coloque o restante dos ingredientes e bata tudo para que fique uma massa uniforme.\nAcrescente o fermento e misture lentamente com uma colher.\nAsse em forno preaquecido (180°C) por 40 minutos.\nEnquanto o bolo assa, faça a cobertura.\nEm uma panela, coloque todos os ingredientes. Leve a mistura ao ao fogo, e faça uma calda.\nDespeje no bolo de cenoura depois de assado.\ntacharã! Bolo de cenoura!\n \n\n\t\t\t\t\t\t\tViu como foi fácil preparar o \nbolo\n de cenoura de liquidificador?! Agora aproveite e coma todo o bolo de cenoura com os seus amigos e tenham um ótimo café!\t\t\t\t\n\n\n\n\n\n\n\n\n\n\nVeja Também\n\n\n\n\n\n\n\n\n\n\n\n\n \n\n\n\n\nO melhor empadão de frango massa podre\n\n\n\n\n\n\n\n\n\n\n\n\n\n\n\n\n \n\n\n\n\nCocada mole deliciosa\n\n\n\n\n\n\n\n\n\n\n\n\n\n\n\n\n \n\n\n\n\nReceita de pudim de leite condensado\n\n\n\n\n\n\n\n\n\n\n\n\n\n\n\n\n \n\n\n\n\nReceita de crepioca salgada com 2 ingredientes\n\n\n\n\n\n\n\n\n\n\n\n\n\n\n\n\n \n\n\n\n\nReceita molho branco com 4 ingredientes\n\n\n\n\n\n\n\n\n\n\n\n\n\n\n\n\n \n\n\n\n\nTorta de morango deliciosa",
    "data": "2019-10-24T02:42:32+00:00",
    "tempo_preparo": "60 minutos",
    "dificuldade": "Fácil",
    "ingredientes": "2 xícaras (chá) de açúcar 1 colher (sopa) de fermento em pó 2 e 1/2 xícaras (chá) de farinha de trigo 3 cenouras raladas 4 ovos 1/2 xícara (chá) de óleo"
}