{
    "url": "https://www.receitadahora.com/bolos/bolo-de-chocolate-gelado/",
    "titulo": "Bolo de chocolate gelado - Receita da Hora",
    "descricao": "Saiba como fazer Bolo de chocolate gelado. Uma receita de Bolos simples, fácil e muito gostosa. Acesse o nosso site e aprenda hoje mesmo diversas receitas.",
    "texto": "Bolo de chocolate gelado\n\n\n\n\nCOMPARTILHE\n \n\n\n\n\n\n\n\n\n\n\n\n\n\n\n\n\n\n\nTempo de preparo: \n120 minutos\nServe: \n6 porções\nDificuldade: \nfácil\n\n\n\n\n\n\nAprenda como fazer bolo de chocolate gelado\n\n\nCom certeza esse é o melhor bolo de chocolate gelado que você já experimentou. Essa receita é ótima para uma sobremesa gelada principalmente com a chegada do verão aqui no Brasil. Essa é uma receita simples, fácil e deliciosa de se fazer. Com apenas algumas horas você poderá se deliciar com essa sobremesa. Além de que esse bolo de chocolate gelado é uma receita barata e que você vai adorar fazer.\n\n\n\n\n\n\n\n\n\n\n\n\n\n\n\n\n\n\n\n\n\n\n\n\nBolo de chocolate gelado\n\n\n \n\n\n\n\n\n\nINGREDIENTES\n\n\n\n\nMassa:\n4 ovos\n1 xícara de óleo\n2 xícaras de água morna\n1 xícara de açúcar\n3 xícaras de farinha de trigo\n1 xícara de chocolate em pó\n1 colher de sopa de fermento em pó\nRecheio:\n2 latas de leite condensado\n2 colheres de sopa de manteiga \n100 g de chocolate ao leite picado\n1 caixa de creme de leite\n2 colheres de sopa de chocolate em pó\nCalda:\n2 colheres de sopa de chocolate em pó\n1 e 1/2 xícara de leite\n3 colheres de sopa de açúcar\n \n\n\nMODO DE PREPARO\n\n\n\n\nMassa:\nBata todos os ingredientes menos o fermento e bata bem.\nAdicione o fermento e mexa até incorporar.\nAsse em fogo médio, preaquecido, por cerca de 40 minutos.\nRecheio:\nMisture a manteiga, o leite condensado e o chocolate em pó em uma panela e mexa bem.\nAdicione o leite mexa mais e desligue o fogo.\nAdicione o creme de leite, reserve até esfriar.\nCalda:\nEm uma panela, adicione o leite, o chocolate em pó e o açúcar e mexa até ficar homogêneo.\nMontagem:\nRecheie o bolo e corte em quadradinhos.\nMolhe os quadradinhos na calda e coloque embrulhe em papel alumínio.\nDeixe na geladeira por 2 horas.\n \n\n\t\t\t\t\t\t\tO bolo de chocolate é delicioso e todo mundo adora, e segundo  a história que o bolo de chocolate existe há mais de três séculos e de lá para cá ganhou inúmeras variações. O bolo se originou no Egito Antigo e essa receita se perdura até hoje. A origem dos bolos gelados não se tem ao certo, porém foi uma super ideia. O bolo gelado de chocolate é muito molhadinha e saboroso, esse bolo é uma super opção para levar se sobremesa em almoços de família, isso porque eles são servidos em porções individuais e uma receita rende vários pedaços de bolo. Essa receita também é uma ótima opção de venda.\t\t\t\t\n\n\n\n\n\n\n\n\n\n\nVeja Também\n\n\n\n\n\n\n\n\n\n\n\n\n \n\n\n\n\nReceita prática de rosquinhas de chocolate\n\n\n\n\n\n\n\n\n\n\n\n\n\n\n\n\n \n\n\n\n\nGeladinho de leite ninho com morango\n\n\n\n\n\n\n\n\n\n\n\n\n\n\n\n\n \n\n\n\n\nLeite condensado com leite em pó\n\n\n\n\n\n\n\n\n\n\n\n\n\n\n\n\n \n\n\n\n\nMacarrão com salsicha rápido e delicioso\n\n\n\n\n\n\n\n\n\n\n\n\n\n\n\n\n \n\n\n\n\nReceita deliciosa de arroz a grega\n\n\n\n\n\n\n\n\n\n\n\n\n\n\n\n\n \n\n\n\n\nTorta de carne moída clássica e muito gostosa",
    "data": "2019-10-30T18:14:42+00:00",
    "tempo_preparo": "120 minutos",
    "dificuldade": "fácil",
    "ingredientes": "Massa: 4 ovos 1 xícara de óleo 2 xícaras de água morna 1 xícara de açúcar 3 xícaras de farinha de trigo 1 xícara de chocolate em pó 1 colher de sopa de fermento em pó Recheio: 2 latas de leite condensado 2 colheres de sopa de manteiga  100 g de chocolate ao leite picado 1 caixa de creme de leite 2 colheres de sopa de chocolate em pó Calda: 2 colheres de sopa de chocolate em pó 1 e 1/2 xícara de leite 3 colheres de sopa de açúcar"
}