{
    "url": "https://www.receitadahora.com/bolos/bolo-de-nata-delicioso/",
    "titulo": "Bolo de nata delicioso - Receita da Hora",
    "descricao": "Saiba como fazer Bolo de nata delicioso. Uma receita de Bolos simples, fácil e muito gostosa. Acesse o nosso site e aprenda hoje mesmo diversas receitas.",
    "texto": "Bolo de nata delicioso\n\n\n\n\nCOMPARTILHE\n \n\n\n\n\n\n\n\n\n\n\n\n\n\n\n\n\n\n\nTempo de preparo: \n60 minutos \nServe: \n16 porções\nDificuldade: \nfácil\n\n\n\n\n\n\nSaiba como fazer bolo de nata\n\n\nA nata é um derivado do leite que é muito usado em várias receitas principalmente em receita de doces e biscoito, e uma das receitas que podem ser feita com a nata é o bolo. O bolo de nata fica super fofinho e simplesmente delicioso e é super fácil de fazer. Separamos uma receita de bolo de nata super deliciosa ela ficará super fofinha e irá te conquistar.\n\n\n\n\n\n\n\n\n\n\n\n\n\n\n\n\n\n\n\n\n\n\n\n\nBolo de nata delicioso\n\n\n \n\n\n\n\n\n\nINGREDIENTES\n\n\n\n\n4 ovos\n1 xícara de nata\n1 xícara de maizena\n2 xícaras de farinha de trigo\n1 colher de sopa de fermento em pó \n1 xícara de leite\n2 xícaras de açúcar\n \n\n\nMODO DE PREPARO\n\n\n\n\nAdicione todos ingredientes menos o fermento em uma batedeira e bata até a massa ficar clarinha.\nAdicione o fermento e misture sem bater.\nAsse em uma forma untada em fogo médio, preaquecido por cerca de 40 minutos.\n \n\n\nDicas para você:\n\r\n\r\nVocê pode comprar a nata que é vendida em mercados, porém a nata que é retirada do leite da vaca quando fervemos é ainda mais gostosa. O leite de caixinha não solta nata, para conseguir você precisará comprar leite de vaca de fazenda, quando ferver é só retirar a nata que fica e guardar congelada, tanto bolos, quanto biscoitinhos ficam mais deliciosos.\t\t\t\t\n\n\n\n\n\n\n\n\n\n\nVeja Também\n\n\n\n\n\n\n\n\n\n\n\n\n \n\n\n\n\nRecheio de maracujá para bolo\n\n\n\n\n\n\n\n\n\n\n\n\n\n\n\n\n \n\n\n\n\nA melhor receita de geladinho gourmet\n\n\n\n\n\n\n\n\n\n\n\n\n\n\n\n\n \n\n\n\n\nNutella caseira\n\n\n\n\n\n\n\n\n\n\n\n\n\n\n\n\n \n\n\n\n\nRagu de carne em 60 minutos\n\n\n\n\n\n\n\n\n\n\n\n\n\n\n\n\n \n\n\n\n\nArroz de natal\n\n\n\n\n\n\n\n\n\n\n\n\n\n\n\n\n \n\n\n\n\nDoce de leite ninho com 4 ingredientes",
    "data": "2019-10-28T22:34:51+00:00",
    "tempo_preparo": "60 minutos",
    "dificuldade": "fácil",
    "ingredientes": "4 ovos 1 xícara de nata 1 xícara de maizena 2 xícaras de farinha de trigo 1 colher de sopa de fermento em pó  1 xícara de leite 2 xícaras de açúcar"
}