{
    "url": "https://www.receitadahora.com/bolos/bolo-de-milho-cremoso/",
    "titulo": "Bolo de milho cremoso - Receita da Hora",
    "descricao": "Saiba como fazer Bolo de milho cremoso. Uma receita de Bolos simples, fácil e muito gostosa. Acesse o nosso site e aprenda hoje mesmo diversas receitas.",
    "texto": "Bolo de milho cremoso\n\n\n\n\nCOMPARTILHE\n \n\n\n\n\n\n\n\n\n\n\n\n\n\n\n\n\n\n\nTempo de preparo: \n50 minutos\nServe: \n10 porções\nDificuldade: \nmédia\n\n\n\n\n\n\nVeja como fazer bolo de milho cremoso\n\n\nO bolo de milho é um dos mais tradicionais do nosso país, ele é ótimo para acompanhar um cafezinho, e também é muito popular nas festas juninas do país. O bolo de milho cremoso possui uma consistência mais cremosa na parte de cima o que o torna ainda mais delicioso.\n\n\n\n\n\n\n\n\n\n\n\n\n\n\n\n\n\n\n\n\n\n\n\n\n\n\n\n\n\n\n\n\n\n\n\n\n\n\n \n\n\n\n\n\n\nINGREDIENTES\n\n\n\n\n4 ovos\n1 lata de milho verde\n1 lata de óleo (medida da lata de milho)\n1 lata de açucar (medida da lata de milho)\n1 lata de fubá (medida da lata de milho)\n2 colheres de sopa de farinha de trigo\n2 colheres de sopa de coco ralado\n1 colher de chá e meia de fermento em pó\n \n\n\nMODO DE PREPARO\n\n\n\n\nAdicione todos os ingredientes menos o fermento e o coco ralado no liquidificador até uma consistência cremosa.\nAcrescente o coco ralado e o fermento e misture com a colher.\nDespeje a massa em uma forma untada e leve para assar em forno médio preaquecido por 40 minutos.\n \n\n\t\t\t\t\t\t\tUma dica para seu bolo de milho cremoso ficar ainda mais gostoso é liquidificar bem a massa, e se tratando de um bolo de milho cremoso a regra de espetar com um palito para ver se está pronto não irá valer por conta de sua parte cremosa, então olhe bem se ele está douradinho por cima e terá um bolo de milho cremoso perfeito.\t\t\t\t\n\n\n\n\n\n\n\n\n\n\nVeja Também\n\n\n\n\n\n\n\n\n\n\n\n\n \n\n\n\n\nComo fazer pamonha muito simples\n\n\n\n\n\n\n\n\n\n\n\n\n\n\n\n\n \n\n\n\n\nSobremesa de Natal simples e rápida\n\n\n\n\n\n\n\n\n\n\n\n\n\n\n\n\n \n\n\n\n\nReceita bolo de chocolate com cobertura\n\n\n\n\n\n\n\n\n\n\n\n\n\n\n\n\n \n\n\n\n\nPudim sem leite simples e rápido\n\n\n\n\n\n\n\n\n\n\n\n\n\n\n\n\n \n\n\n\n\nTorta de bis em 5 passos\n\n\n\n\n\n\n\n\n\n\n\n\n\n\n\n\n \n\n\n\n\nMassa de panqueca low carb com 4 ingredientes",
    "data": "2019-10-24T03:49:38+00:00",
    "tempo_preparo": "50 minutos",
    "dificuldade": "média",
    "ingredientes": "4 ovos 1 lata de milho verde 1 lata de óleo (medida da lata de milho) 1 lata de açucar (medida da lata de milho) 1 lata de fubá (medida da lata de milho) 2 colheres de sopa de farinha de trigo 2 colheres de sopa de coco ralado 1 colher de chá e meia de fermento em pó"
}