{
    "url": "https://www.receitadahora.com/bolos/bolo-de-milho-com-milharina/",
    "titulo": "Bolo de milho com milharina - Receita da Hora",
    "descricao": "Saiba como fazer Bolo de milho com milharina. Uma receita de Bolos simples, fácil e muito gostosa. Acesse o nosso site e aprenda hoje mesmo diversas receitas.",
    "texto": "Bolo de milho com milharina\n\n\n\n\nCOMPARTILHE\n \n\n\n\n\n\n\n\n\n\n\n\n\n\n\n\n\n\n\nTempo de preparo: \nAté 1 hora\nServe: \nMais de 10 porções\nDificuldade: \nfácil\n\n\n\n\n\n\nAprenda a fazer bolo de milho com milharina\n\n\nQue tal um bolo de milho para tomar aquele delicioso café da tarde? Essa receita de \nbolo de milho com milharina\n é simplesmente maravilhoso, impossível não amar. Esse \nbolo de milho com milharina\n é fofinho e muito saboroso, e o melhor de tudo é muito simples de fazer. Esse é o bolo perfeito para chamar seus amigos para tomar café da tarde na sua casa e preparar para eles.\n\n\n\n\n\n\n\n\n\n\n\n\n\n\n\n\n\n\n\n\n\n\n\n\nBolo de milho com milharina\n\n\nO molo de milho é muito tradicional aqui no Brasil e principalmente nas comemorações das festas juninas. É muito comum o bolo de milho estar presente nessas festas, tanto quanto, a pamonha, o cural, dentre outras variações de receitas feitas com milho.\n\n\n\n\n\n\n\n\n\n\n\n\n\n\n \n\n\n\n\n\n\nINGREDIENTES\n\n\n\n\n3 ovos\n1 lata de milho verde com o líquido\n2 latas de milharina (medidas da lata de milho) \n1 lata de leite (medidas da lata de milho) \n1/2 lata de óleo (medidas da lata de milho) \n1 lata de açúcar (medidas da lata de milho) \n1 colher de sopa de fermento em pó\n \n\n\nMODO DE PREPARO\n\n\n\n\nBata bem todos ingredientes no liquidificador.\nAdicione a massa a uma forma untada.\nAsse em forno médio, preaquecido por cerca de 40 minutos.\n \n\n\t\t\t\t\t\t\tSe você gostou essa receita de bolo, você vai amar as\n receitas de bolo\n que temos aqui são deliciosas.\t\t\t\t\n\n\n\n\n\n\n\n\n\n\nVeja Também\n\n\n\n\n\n\n\n\n\n\n\n\n \n\n\n\n\nReceita de torta de liquidificador em 6 passos\n\n\n\n\n\n\n\n\n\n\n\n\n\n\n\n\n \n\n\n\n\nReceita de chá de hibisco rápido\n\n\n\n\n\n\n\n\n\n\n\n\n\n\n\n\n \n\n\n\n\nReceita de bolo de cenoura com calda de chocolate em apenas 50 minutos\n\n\n\n\n\n\n\n\n\n\n\n\n\n\n\n\n \n\n\n\n\nPudim de café super cremoso\n\n\n\n\n\n\n\n\n\n\n\n\n\n\n\n\n \n\n\n\n\nReceita de nega maluca em 5 passos\n\n\n\n\n\n\n\n\n\n\n\n\n\n\n\n\n \n\n\n\n\nBolo cocada muito gostoso",
    "data": "2019-11-08T13:45:18+00:00",
    "tempo_preparo": "Até 1 hora",
    "dificuldade": "fácil",
    "ingredientes": "3 ovos 1 lata de milho verde com o líquido 2 latas de milharina (medidas da lata de milho)  1 lata de leite (medidas da lata de milho)  1/2 lata de óleo (medidas da lata de milho)  1 lata de açúcar (medidas da lata de milho)  1 colher de sopa de fermento em pó"
}