{
    "url": "https://www.receitadahora.com/bolos/bolo-de-fuba-com-laranja/",
    "titulo": "Bolo de fubá com laranja - Receita da Hora",
    "descricao": "Saiba como fazer Bolo de fubá com laranja. Uma receita de Bolos simples, fácil e muito gostosa. Acesse o nosso site e aprenda hoje mesmo diversas receitas.",
    "texto": "Bolo de fubá com laranja\n\n\n\n\nCOMPARTILHE\n \n\n\n\n\n\n\n\n\n\n\n\n\n\n\n\n\n\n\nTempo de preparo: \nAté 1 hora\nServe: \nAté 10 porções\nDificuldade: \nfácil\n\n\n\n\n\n\nAprenda a fazer bolo de fubá com laranja\n\n\nQue tal fazer um bolo delicioso para tomar aquele café da tarde junto com um amigo? Essa receita de \nbolo de fubá com laranja \né com certeza a melhor escolha. Esse \nbolo de fubá com laranja\n é com certeza o melhor que você já experimentou. O melhor de tudo é que esse \nbolo de fubá com laranja\n é muito simples de ser feito e você pode fazer a qualquer momento. Esse bolo é perfeito para tomar junto com um café coado na hora fica simplesmente delicioso.\n\n\n\n\n\n\n\n\n\n\n\n\n\n\n\n\n\n\n\n\n\n\n\n\nBolo de fubá com laranja\n\n\n \n\n\n\n\n\n\nINGREDIENTES\n\n\n\n\n4 ovos\n1 xícara de chá de farinha de trigo\n2 xícaras de chá de fubá\n2 xícaras de chá de açúcar refinado\n1 xícara de chá de óleo\n200 ml de suco de laranja\n1 colher de sopa de fermento em pó\n \n\n\nMODO DE PREPARO\n\n\n\n\nPeneire na mesma vasilha o fubá, o açúcar e a farinha de trigo, misture bem estes ingredientes secos na vasilha com uma colher e reserve.\nBata no liquidificador os ovos, o óleo e o suco de laranja, ainda com o liquidificador ligado, acrescente aos poucos os ingredientes secos, deixe bater por mais 5 minutos.\nPor último acrescente o fermento em pó peneirado e apenas mexa com uma colher ou uma espátula.\nColoque a massa em forma retangular untada com manteiga ou margarina e enfarinhada.\nLeve ao forno médio preaquecido, por aproximadamente 40 minutos.\nDepois de assado, assim que desligar o forno retire o bolo ainda quente e peneire açúcar refinado por cima, espere esfriar e sirva.\n \n\n\t\t\t\t\t\t\tGostou dessa receita? Então vai dar uma olhada nas nossas\n receitas de bolo\n! Temos uma variedade muito grande de receitas que com certeza vocês vão adorar.\t\t\t\t\n\n\n\n\n\n\n\n\n\n\nVeja Também\n\n\n\n\n\n\n\n\n\n\n\n\n \n\n\n\n\nPastel de forno com creme de leite\n\n\n\n\n\n\n\n\n\n\n\n\n\n\n\n\n \n\n\n\n\nO mais suculento frango empanado\n\n\n\n\n\n\n\n\n\n\n\n\n\n\n\n\n \n\n\n\n\nBolinho de queijo frito crocante\n\n\n\n\n\n\n\n\n\n\n\n\n\n\n\n\n \n\n\n\n\nRocambole de carne moída\n\n\n\n\n\n\n\n\n\n\n\n\n\n\n\n\n \n\n\n\n\nCarne doce em 5 passos\n\n\n\n\n\n\n\n\n\n\n\n\n\n\n\n\n \n\n\n\n\nComo fazer queijo minas",
    "data": "2019-11-26T16:46:49+00:00",
    "tempo_preparo": "Até 1 hora",
    "dificuldade": "fácil",
    "ingredientes": "4 ovos 1 xícara de chá de farinha de trigo 2 xícaras de chá de fubá 2 xícaras de chá de açúcar refinado 1 xícara de chá de óleo 200 ml de suco de laranja 1 colher de sopa de fermento em pó"
}